﻿Country Name,Country Code,Time,Time Code,Current account balance (% of GDP) [BN.CAB.XOKA.GD.ZS]
Austria,AUT,1960,YR1960,..
Austria,AUT,1961,YR1961,..
Austria,AUT,1962,YR1962,..
Austria,AUT,1963,YR1963,..
Austria,AUT,1964,YR1964,..
Austria,AUT,1965,YR1965,..
Austria,AUT,1966,YR1966,..
Austria,AUT,1967,YR1967,..
Austria,AUT,1968,YR1968,..
Austria,AUT,1969,YR1969,..
Austria,AUT,1970,YR1970,..
Austria,AUT,1971,YR1971,..
Austria,AUT,1972,YR1972,..
Austria,AUT,1973,YR1973,..
Austria,AUT,1974,YR1974,..
Austria,AUT,1975,YR1975,..
Austria,AUT,1976,YR1976,..
Austria,AUT,1977,YR1977,..
Austria,AUT,1978,YR1978,..
Austria,AUT,1979,YR1979,..
Austria,AUT,1980,YR1980,..
Austria,AUT,1981,YR1981,..
Austria,AUT,1982,YR1982,..
Austria,AUT,1983,YR1983,..
Austria,AUT,1984,YR1984,..
Austria,AUT,1985,YR1985,..
Austria,AUT,1986,YR1986,..
Austria,AUT,1987,YR1987,..
Austria,AUT,1988,YR1988,..
Austria,AUT,1989,YR1989,..
Austria,AUT,1990,YR1990,..
Austria,AUT,1991,YR1991,..
Austria,AUT,1992,YR1992,..
Austria,AUT,1993,YR1993,..
Austria,AUT,1994,YR1994,..
Austria,AUT,1995,YR1995,..
Austria,AUT,1996,YR1996,..
Austria,AUT,1997,YR1997,..
Austria,AUT,1998,YR1998,..
Austria,AUT,1999,YR1999,..
Austria,AUT,2000,YR2000,..
Austria,AUT,2001,YR2001,..
Austria,AUT,2002,YR2002,..
Austria,AUT,2003,YR2003,..
Austria,AUT,2004,YR2004,..
Austria,AUT,2005,YR2005,1.98476653543258
Austria,AUT,2006,YR2006,3.28867685350128
Austria,AUT,2007,YR2007,3.81691743455568
Austria,AUT,2008,YR2008,4.51486298226673
Austria,AUT,2009,YR2009,2.58997928312878
Austria,AUT,2010,YR2010,2.94141991132141
Austria,AUT,2011,YR2011,1.58375111957474
Austria,AUT,2012,YR2012,1.50773626179933
Austria,AUT,2013,YR2013,1.95626964269919
Austria,AUT,2014,YR2014,2.31552649175663
Austria,AUT,2015,YR2015,1.86072570155026
Austria,AUT,2016,YR2016,..
Australia,AUS,1960,YR1960,..
Australia,AUS,1961,YR1961,..
Australia,AUS,1962,YR1962,..
Australia,AUS,1963,YR1963,..
Australia,AUS,1964,YR1964,..
Australia,AUS,1965,YR1965,..
Australia,AUS,1966,YR1966,..
Australia,AUS,1967,YR1967,..
Australia,AUS,1968,YR1968,..
Australia,AUS,1969,YR1969,..
Australia,AUS,1970,YR1970,..
Australia,AUS,1971,YR1971,..
Australia,AUS,1972,YR1972,..
Australia,AUS,1973,YR1973,..
Australia,AUS,1974,YR1974,..
Australia,AUS,1975,YR1975,..
Australia,AUS,1976,YR1976,..
Australia,AUS,1977,YR1977,..
Australia,AUS,1978,YR1978,..
Australia,AUS,1979,YR1979,..
Australia,AUS,1980,YR1980,..
Australia,AUS,1981,YR1981,..
Australia,AUS,1982,YR1982,..
Australia,AUS,1983,YR1983,..
Australia,AUS,1984,YR1984,..
Australia,AUS,1985,YR1985,..
Australia,AUS,1986,YR1986,..
Australia,AUS,1987,YR1987,..
Australia,AUS,1988,YR1988,..
Australia,AUS,1989,YR1989,-6.12396850431021
Australia,AUS,1990,YR1990,-4.99505608413612
Australia,AUS,1991,YR1991,-3.25152900940136
Australia,AUS,1992,YR1992,-3.17085216249919
Australia,AUS,1993,YR1993,-2.97788268620078
Australia,AUS,1994,YR1994,-4.91412342571296
Australia,AUS,1995,YR1995,-5.07386285371861
Australia,AUS,1996,YR1996,-3.58920342193796
Australia,AUS,1997,YR1997,-2.73445304332726
Australia,AUS,1998,YR1998,-4.45299246510721
Australia,AUS,1999,YR1999,-5.60773651760105
Australia,AUS,2000,YR2000,-3.73230530828584
Australia,AUS,2001,YR2001,-2.11038258022386
Australia,AUS,2002,YR2002,-4.05945821622483
Australia,AUS,2003,YR2003,-6.2845158521391
Australia,AUS,2004,YR2004,-6.73857844808658
Australia,AUS,2005,YR2005,-6.25371185746209
Australia,AUS,2006,YR2006,-6.06771427244708
Australia,AUS,2007,YR2007,-7.5215707043968
Australia,AUS,2008,YR2008,-4.94251427206136
Australia,AUS,2009,YR2009,-5.27739221829727
Australia,AUS,2010,YR2010,-3.91457441592074
Australia,AUS,2011,YR2011,-3.19857893928726
Australia,AUS,2012,YR2012,-4.29415331839588
Australia,AUS,2013,YR2013,-3.22248986892377
Australia,AUS,2014,YR2014,-2.96988455488566
Australia,AUS,2015,YR2015,-4.31216583373933
Australia,AUS,2016,YR2016,..
Belgium,BEL,1960,YR1960,..
Belgium,BEL,1961,YR1961,..
Belgium,BEL,1962,YR1962,..
Belgium,BEL,1963,YR1963,..
Belgium,BEL,1964,YR1964,..
Belgium,BEL,1965,YR1965,..
Belgium,BEL,1966,YR1966,..
Belgium,BEL,1967,YR1967,..
Belgium,BEL,1968,YR1968,..
Belgium,BEL,1969,YR1969,..
Belgium,BEL,1970,YR1970,..
Belgium,BEL,1971,YR1971,..
Belgium,BEL,1972,YR1972,..
Belgium,BEL,1973,YR1973,..
Belgium,BEL,1974,YR1974,..
Belgium,BEL,1975,YR1975,..
Belgium,BEL,1976,YR1976,..
Belgium,BEL,1977,YR1977,..
Belgium,BEL,1978,YR1978,..
Belgium,BEL,1979,YR1979,..
Belgium,BEL,1980,YR1980,..
Belgium,BEL,1981,YR1981,..
Belgium,BEL,1982,YR1982,..
Belgium,BEL,1983,YR1983,..
Belgium,BEL,1984,YR1984,..
Belgium,BEL,1985,YR1985,..
Belgium,BEL,1986,YR1986,..
Belgium,BEL,1987,YR1987,..
Belgium,BEL,1988,YR1988,..
Belgium,BEL,1989,YR1989,..
Belgium,BEL,1990,YR1990,..
Belgium,BEL,1991,YR1991,..
Belgium,BEL,1992,YR1992,..
Belgium,BEL,1993,YR1993,..
Belgium,BEL,1994,YR1994,..
Belgium,BEL,1995,YR1995,..
Belgium,BEL,1996,YR1996,..
Belgium,BEL,1997,YR1997,..
Belgium,BEL,1998,YR1998,..
Belgium,BEL,1999,YR1999,..
Belgium,BEL,2000,YR2000,..
Belgium,BEL,2001,YR2001,..
Belgium,BEL,2002,YR2002,4.48556121405787
Belgium,BEL,2003,YR2003,3.3824407006904
Belgium,BEL,2004,YR2004,3.08061215180948
Belgium,BEL,2005,YR2005,1.98846364988206
Belgium,BEL,2006,YR2006,1.84111193875176
Belgium,BEL,2007,YR2007,1.49237012665178
Belgium,BEL,2008,YR2008,-0.826323409377241
Belgium,BEL,2009,YR2009,-1.08166251269563
Belgium,BEL,2010,YR2010,1.64965011207501
Belgium,BEL,2011,YR2011,-1.04116374758932
Belgium,BEL,2012,YR2012,-0.0471428133458665
Belgium,BEL,2013,YR2013,-0.302870988695547
Belgium,BEL,2014,YR2014,-0.67836455798699
Belgium,BEL,2015,YR2015,0.425173625666614
Belgium,BEL,2016,YR2016,..
Canada,CAN,1960,YR1960,-2.88894569001356
Canada,CAN,1961,YR1961,-2.71262241656677
Canada,CAN,1962,YR1962,-2.57399802266603
Canada,CAN,1963,YR1963,-1.88439980860138
Canada,CAN,1964,YR1964,-0.928214768655069
Canada,CAN,1965,YR1965,-3.07515485504695
Canada,CAN,1966,YR1966,-2.61544478036564
Canada,CAN,1967,YR1967,-1.9745544029824
Canada,CAN,1968,YR1968,-1.38602357691477
Canada,CAN,1969,YR1969,-2.49809928646021
Canada,CAN,1970,YR1970,0.56166648465529
Canada,CAN,1971,YR1971,-1.04624030245874
Canada,CAN,1972,YR1972,-2.12710782527278
Canada,CAN,1973,YR1973,-1.56585979662875
Canada,CAN,1974,YR1974,-2.84906217583212
Canada,CAN,1975,YR1975,-4.71507019155691
Canada,CAN,1976,YR1976,-3.69773764828131
Canada,CAN,1977,YR1977,-3.30916654004974
Canada,CAN,1978,YR1978,-3.74513927626282
Canada,CAN,1979,YR1979,-3.44947212565554
Canada,CAN,1980,YR1980,-2.22309940718654
Canada,CAN,1981,YR1981,-4.09260937462073
Canada,CAN,1982,YR1982,0.573024808548797
Canada,CAN,1983,YR1983,-0.740765430290085
Canada,CAN,1984,YR1984,-0.3865383309888
Canada,CAN,1985,YR1985,-1.60079926833812
Canada,CAN,1986,YR1986,-3.00742559118736
Canada,CAN,1987,YR1987,-3.17901942422139
Canada,CAN,1988,YR1988,-3.01268414524644
Canada,CAN,1989,YR1989,-3.9315926736843
Canada,CAN,1990,YR1990,-3.41107180507561
Canada,CAN,1991,YR1991,-3.74796955331976
Canada,CAN,1992,YR1992,-3.66635754999657
Canada,CAN,1993,YR1993,-3.87289681413107
Canada,CAN,1994,YR1994,-2.4055389791712
Canada,CAN,1995,YR1995,-0.837902704786623
Canada,CAN,1996,YR1996,0.386351741988484
Canada,CAN,1997,YR1997,-1.37638138141652
Canada,CAN,1998,YR1998,-1.42443892723803
Canada,CAN,1999,YR1999,0.12506991065481
Canada,CAN,2000,YR2000,2.49225763449011
Canada,CAN,2001,YR2001,2.14006580372635
Canada,CAN,2002,YR2002,1.65165218123848
Canada,CAN,2003,YR2003,1.16905428610463
Canada,CAN,2004,YR2004,2.27136114946098
Canada,CAN,2005,YR2005,1.87550790278634
Canada,CAN,2006,YR2006,1.36764698883198
Canada,CAN,2007,YR2007,0.754310769829541
Canada,CAN,2008,YR2008,0.205246491673613
Canada,CAN,2009,YR2009,-2.97100624725286
Canada,CAN,2010,YR2010,-3.60481306071895
Canada,CAN,2011,YR2011,-2.78014854089655
Canada,CAN,2012,YR2012,-3.60127522528951
Canada,CAN,2013,YR2013,-3.15866726028271
Canada,CAN,2014,YR2014,-2.27395934602094
Canada,CAN,2015,YR2015,-3.17241597239136
Canada,CAN,2016,YR2016,..
Czech Republic,CZE,1960,YR1960,..
Czech Republic,CZE,1961,YR1961,..
Czech Republic,CZE,1962,YR1962,..
Czech Republic,CZE,1963,YR1963,..
Czech Republic,CZE,1964,YR1964,..
Czech Republic,CZE,1965,YR1965,..
Czech Republic,CZE,1966,YR1966,..
Czech Republic,CZE,1967,YR1967,..
Czech Republic,CZE,1968,YR1968,..
Czech Republic,CZE,1969,YR1969,..
Czech Republic,CZE,1970,YR1970,..
Czech Republic,CZE,1971,YR1971,..
Czech Republic,CZE,1972,YR1972,..
Czech Republic,CZE,1973,YR1973,..
Czech Republic,CZE,1974,YR1974,..
Czech Republic,CZE,1975,YR1975,..
Czech Republic,CZE,1976,YR1976,..
Czech Republic,CZE,1977,YR1977,..
Czech Republic,CZE,1978,YR1978,..
Czech Republic,CZE,1979,YR1979,..
Czech Republic,CZE,1980,YR1980,..
Czech Republic,CZE,1981,YR1981,..
Czech Republic,CZE,1982,YR1982,..
Czech Republic,CZE,1983,YR1983,..
Czech Republic,CZE,1984,YR1984,..
Czech Republic,CZE,1985,YR1985,..
Czech Republic,CZE,1986,YR1986,..
Czech Republic,CZE,1987,YR1987,..
Czech Republic,CZE,1988,YR1988,..
Czech Republic,CZE,1989,YR1989,..
Czech Republic,CZE,1990,YR1990,..
Czech Republic,CZE,1991,YR1991,..
Czech Republic,CZE,1992,YR1992,..
Czech Republic,CZE,1993,YR1993,1.1527996917096
Czech Republic,CZE,1994,YR1994,-1.73097784537593
Czech Republic,CZE,1995,YR1995,-2.30700314436156
Czech Republic,CZE,1996,YR1996,-6.18128061134945
Czech Republic,CZE,1997,YR1997,-5.87738691204833
Czech Republic,CZE,1998,YR1998,-1.97112520163198
Czech Republic,CZE,1999,YR1999,-2.26477652084613
Czech Republic,CZE,2000,YR2000,-4.37541678286438
Czech Republic,CZE,2001,YR2001,-4.85720699466052
Czech Republic,CZE,2002,YR2002,-5.2203311147891
Czech Republic,CZE,2003,YR2003,-5.82624963277884
Czech Republic,CZE,2004,YR2004,-4.83236111852702
Czech Republic,CZE,2005,YR2005,-0.889482629580269
Czech Republic,CZE,2006,YR2006,-2.0168257770266
Czech Republic,CZE,2007,YR2007,-4.20521153707218
Czech Republic,CZE,2008,YR2008,-1.87409117266808
Czech Republic,CZE,2009,YR2009,-2.36707008553637
Czech Republic,CZE,2010,YR2010,-3.55103443857916
Czech Republic,CZE,2011,YR2011,-2.20227713930472
Czech Republic,CZE,2012,YR2012,-1.52307447912895
Czech Republic,CZE,2013,YR2013,-0.528117227651661
Czech Republic,CZE,2014,YR2014,0.210731476919364
Czech Republic,CZE,2015,YR2015,0.909248429977451
Czech Republic,CZE,2016,YR2016,..
Denmark,DNK,1960,YR1960,..
Denmark,DNK,1961,YR1961,..
Denmark,DNK,1962,YR1962,..
Denmark,DNK,1963,YR1963,..
Denmark,DNK,1964,YR1964,..
Denmark,DNK,1965,YR1965,..
Denmark,DNK,1966,YR1966,..
Denmark,DNK,1967,YR1967,..
Denmark,DNK,1968,YR1968,..
Denmark,DNK,1969,YR1969,..
Denmark,DNK,1970,YR1970,..
Denmark,DNK,1971,YR1971,..
Denmark,DNK,1972,YR1972,..
Denmark,DNK,1973,YR1973,..
Denmark,DNK,1974,YR1974,..
Denmark,DNK,1975,YR1975,-1.21743786799811
Denmark,DNK,1976,YR1976,-4.31041287991547
Denmark,DNK,1977,YR1977,-3.46787783430142
Denmark,DNK,1978,YR1978,-2.49194642512858
Denmark,DNK,1979,YR1979,-4.34681539635051
Denmark,DNK,1980,YR1980,-3.37098062489462
Denmark,DNK,1981,YR1981,-3.05500190180889
Denmark,DNK,1982,YR1982,-3.77008988367408
Denmark,DNK,1983,YR1983,-2.29577202833582
Denmark,DNK,1984,YR1984,-2.92822692369627
Denmark,DNK,1985,YR1985,-4.44715028202409
Denmark,DNK,1986,YR1986,-5.11396021141203
Denmark,DNK,1987,YR1987,-2.74988859082357
Denmark,DNK,1988,YR1988,-1.16397896910091
Denmark,DNK,1989,YR1989,-0.998921031408392
Denmark,DNK,1990,YR1990,0.993191148912735
Denmark,DNK,1991,YR1991,1.42717674199952
Denmark,DNK,1992,YR1992,2.74984094800836
Denmark,DNK,1993,YR1993,3.37969240862849
Denmark,DNK,1994,YR1994,2.04258125913933
Denmark,DNK,1995,YR1995,1.00254824304437
Denmark,DNK,1996,YR1996,1.64666255945578
Denmark,DNK,1997,YR1997,0.530872113613562
Denmark,DNK,1998,YR1998,-1.13456821847214
Denmark,DNK,1999,YR1999,1.71224024415333
Denmark,DNK,2000,YR2000,1.37783413091808
Denmark,DNK,2001,YR2001,2.94194474908079
Denmark,DNK,2002,YR2002,1.93713799168611
Denmark,DNK,2003,YR2003,3.19266109346998
Denmark,DNK,2004,YR2004,2.3645800212319
Denmark,DNK,2005,YR2005,4.19711281907986
Denmark,DNK,2006,YR2006,2.90442915062803
Denmark,DNK,2007,YR2007,1.38141314702334
Denmark,DNK,2008,YR2008,2.83622850733062
Denmark,DNK,2009,YR2009,3.36719569187928
Denmark,DNK,2010,YR2010,5.68542922723494
Denmark,DNK,2011,YR2011,5.81983056709868
Denmark,DNK,2012,YR2012,5.76894570950556
Denmark,DNK,2013,YR2013,7.15435828741143
Denmark,DNK,2014,YR2014,6.18904024240251
Denmark,DNK,2015,YR2015,7.06056787022388
Denmark,DNK,2016,YR2016,..
Estonia,EST,1960,YR1960,..
Estonia,EST,1961,YR1961,..
Estonia,EST,1962,YR1962,..
Estonia,EST,1963,YR1963,..
Estonia,EST,1964,YR1964,..
Estonia,EST,1965,YR1965,..
Estonia,EST,1966,YR1966,..
Estonia,EST,1967,YR1967,..
Estonia,EST,1968,YR1968,..
Estonia,EST,1969,YR1969,..
Estonia,EST,1970,YR1970,..
Estonia,EST,1971,YR1971,..
Estonia,EST,1972,YR1972,..
Estonia,EST,1973,YR1973,..
Estonia,EST,1974,YR1974,..
Estonia,EST,1975,YR1975,..
Estonia,EST,1976,YR1976,..
Estonia,EST,1977,YR1977,..
Estonia,EST,1978,YR1978,..
Estonia,EST,1979,YR1979,..
Estonia,EST,1980,YR1980,..
Estonia,EST,1981,YR1981,..
Estonia,EST,1982,YR1982,..
Estonia,EST,1983,YR1983,..
Estonia,EST,1984,YR1984,..
Estonia,EST,1985,YR1985,..
Estonia,EST,1986,YR1986,..
Estonia,EST,1987,YR1987,..
Estonia,EST,1988,YR1988,..
Estonia,EST,1989,YR1989,..
Estonia,EST,1990,YR1990,..
Estonia,EST,1991,YR1991,..
Estonia,EST,1992,YR1992,..
Estonia,EST,1993,YR1993,..
Estonia,EST,1994,YR1994,..
Estonia,EST,1995,YR1995,-3.6080907814895
Estonia,EST,1996,YR1996,-8.39078572065264
Estonia,EST,1997,YR1997,-11.0876965939983
Estonia,EST,1998,YR1998,-8.51742973879608
Estonia,EST,1999,YR1999,-5.1449195840546
Estonia,EST,2000,YR2000,-5.25890358680698
Estonia,EST,2001,YR2001,-5.19803872173299
Estonia,EST,2002,YR2002,-10.6437307743922
Estonia,EST,2003,YR2003,-11.3422286806707
Estonia,EST,2004,YR2004,-11.3539718507881
Estonia,EST,2005,YR2005,-9.89851374295245
Estonia,EST,2006,YR2006,-15.2412337032666
Estonia,EST,2007,YR2007,-15.7540393682613
Estonia,EST,2008,YR2008,-9.16161368193276
Estonia,EST,2009,YR2009,2.6741254149442
Estonia,EST,2010,YR2010,1.76311210340469
Estonia,EST,2011,YR2011,1.33297280087421
Estonia,EST,2012,YR2012,-1.93021892784426
Estonia,EST,2013,YR2013,-0.343460441453598
Estonia,EST,2014,YR2014,0.860158799207226
Estonia,EST,2015,YR2015,2.19564082447515
Estonia,EST,2016,YR2016,..
Finland,FIN,1960,YR1960,..
Finland,FIN,1961,YR1961,..
Finland,FIN,1962,YR1962,..
Finland,FIN,1963,YR1963,..
Finland,FIN,1964,YR1964,..
Finland,FIN,1965,YR1965,..
Finland,FIN,1966,YR1966,..
Finland,FIN,1967,YR1967,..
Finland,FIN,1968,YR1968,..
Finland,FIN,1969,YR1969,..
Finland,FIN,1970,YR1970,..
Finland,FIN,1971,YR1971,..
Finland,FIN,1972,YR1972,..
Finland,FIN,1973,YR1973,..
Finland,FIN,1974,YR1974,..
Finland,FIN,1975,YR1975,-7.25601305240497
Finland,FIN,1976,YR1976,-3.49571382558782
Finland,FIN,1977,YR1977,-0.295546228030797
Finland,FIN,1978,YR1978,1.87526883500436
Finland,FIN,1979,YR1979,-0.365917699371156
Finland,FIN,1980,YR1980,-2.6129551894081
Finland,FIN,1981,YR1981,-0.911076556561959
Finland,FIN,1982,YR1982,-1.74718541434002
Finland,FIN,1983,YR1983,-2.20384157523727
Finland,FIN,1984,YR1984,-0.0389899228564715
Finland,FIN,1985,YR1985,-1.44195604090985
Finland,FIN,1986,YR1986,-0.942166171727575
Finland,FIN,1987,YR1987,-1.8893875906005
Finland,FIN,1988,YR1988,-2.46911465130302
Finland,FIN,1989,YR1989,-4.8688319820627
Finland,FIN,1990,YR1990,-4.9197178402601
Finland,FIN,1991,YR1991,-5.32381345156052
Finland,FIN,1992,YR1992,-4.54240871001368
Finland,FIN,1993,YR1993,-1.27163128352209
Finland,FIN,1994,YR1994,1.0747453563756
Finland,FIN,1995,YR1995,3.89819841769744
Finland,FIN,1996,YR1996,3.78698180685818
Finland,FIN,1997,YR1997,5.22954902346927
Finland,FIN,1998,YR1998,5.479937740303
Finland,FIN,1999,YR1999,5.94913927934625
Finland,FIN,2000,YR2000,8.38493849191736
Finland,FIN,2001,YR2001,9.34416702735288
Finland,FIN,2002,YR2002,8.65452646907073
Finland,FIN,2003,YR2003,4.9886688529103
Finland,FIN,2004,YR2004,6.37418547771903
Finland,FIN,2005,YR2005,3.80971101270078
Finland,FIN,2006,YR2006,3.79052482578396
Finland,FIN,2007,YR2007,3.89221384001322
Finland,FIN,2008,YR2008,2.16782355713893
Finland,FIN,2009,YR2009,2.03635939787775
Finland,FIN,2010,YR2010,1.27824576042387
Finland,FIN,2011,YR2011,-1.79059921107118
Finland,FIN,2012,YR2012,-1.95529880752923
Finland,FIN,2013,YR2013,-1.59723571743929
Finland,FIN,2014,YR2014,-1.17631428909465
Finland,FIN,2015,YR2015,-0.421954368166712
Finland,FIN,2016,YR2016,..
France,FRA,1960,YR1960,..
France,FRA,1961,YR1961,..
France,FRA,1962,YR1962,..
France,FRA,1963,YR1963,..
France,FRA,1964,YR1964,..
France,FRA,1965,YR1965,..
France,FRA,1966,YR1966,..
France,FRA,1967,YR1967,..
France,FRA,1968,YR1968,..
France,FRA,1969,YR1969,..
France,FRA,1970,YR1970,..
France,FRA,1971,YR1971,..
France,FRA,1972,YR1972,..
France,FRA,1973,YR1973,..
France,FRA,1974,YR1974,..
France,FRA,1975,YR1975,0.757003379618884
France,FRA,1976,YR1976,-0.898799841546369
France,FRA,1977,YR1977,-0.0984545187426469
France,FRA,1978,YR1978,1.38999391474701
France,FRA,1979,YR1979,0.834884187316876
France,FRA,1980,YR1980,-0.598178981268214
France,FRA,1981,YR1981,-0.778966941390354
France,FRA,1982,YR1982,-2.05886377843884
France,FRA,1983,YR1983,-0.919372144608286
France,FRA,1984,YR1984,-0.164460900478294
France,FRA,1985,YR1985,-0.00623165155553332
France,FRA,1986,YR1986,0.313726779528972
France,FRA,1987,YR1987,-0.473783290836605
France,FRA,1988,YR1988,-0.451283826181902
France,FRA,1989,YR1989,-0.453442315195252
France,FRA,1990,YR1990,-0.779755651162891
France,FRA,1991,YR1991,-0.511009952081545
France,FRA,1992,YR1992,0.276379715802666
France,FRA,1993,YR1993,0.675875451800534
France,FRA,1994,YR1994,0.529044075378313
France,FRA,1995,YR1995,0.673357906157654
France,FRA,1996,YR1996,1.27369805030342
France,FRA,1997,YR1997,2.58786279768891
France,FRA,1998,YR1998,2.49533934672718
France,FRA,1999,YR1999,3.37900548827081
France,FRA,2000,YR2000,1.17825705691584
France,FRA,2001,YR2001,1.51618318740607
France,FRA,2002,YR2002,1.17549234252517
France,FRA,2003,YR2003,0.864800717783182
France,FRA,2004,YR2004,0.431903996890474
France,FRA,2005,YR2005,-0.00620432264376255
France,FRA,2006,YR2006,0.0222125519507901
France,FRA,2007,YR2007,-0.327603991029656
France,FRA,2008,YR2008,-0.964042181793418
France,FRA,2009,YR2009,-0.818863087247803
France,FRA,2010,YR2010,-0.832426605662804
France,FRA,2011,YR2011,-1.03021102301105
France,FRA,2012,YR2012,-1.22640777993801
France,FRA,2013,YR2013,-0.868125214847832
France,FRA,2014,YR2014,-1.10853689240783
France,FRA,2015,YR2015,-0.201056292460171
France,FRA,2016,YR2016,..
Germany,DEU,1960,YR1960,..
Germany,DEU,1961,YR1961,..
Germany,DEU,1962,YR1962,..
Germany,DEU,1963,YR1963,..
Germany,DEU,1964,YR1964,..
Germany,DEU,1965,YR1965,..
Germany,DEU,1966,YR1966,..
Germany,DEU,1967,YR1967,..
Germany,DEU,1968,YR1968,..
Germany,DEU,1969,YR1969,..
Germany,DEU,1970,YR1970,..
Germany,DEU,1971,YR1971,0.0427963538107344
Germany,DEU,1972,YR1972,0.11375107350075
Germany,DEU,1973,YR1973,1.05346363343367
Germany,DEU,1974,YR1974,2.04791892730509
Germany,DEU,1975,YR1975,0.633709279413065
Germany,DEU,1976,YR1976,0.723478070906716
Germany,DEU,1977,YR1977,0.652709612588955
Germany,DEU,1978,YR1978,1.25774216066947
Germany,DEU,1979,YR1979,-0.61350779112293
Germany,DEU,1980,YR1980,-1.65369740601495
Germany,DEU,1981,YR1981,-0.665215055928307
Germany,DEU,1982,YR1982,0.712463957622185
Germany,DEU,1983,YR1983,0.566158159389475
Germany,DEU,1984,YR1984,1.27535299109938
Germany,DEU,1985,YR1985,2.46573813864687
Germany,DEU,1986,YR1986,3.70924187419632
Germany,DEU,1987,YR1987,3.41898549500542
Germany,DEU,1988,YR1988,3.865595074298
Germany,DEU,1989,YR1989,4.0936891198387
Germany,DEU,1990,YR1990,2.63211357498018
Germany,DEU,1991,YR1991,-1.42609483176744
Germany,DEU,1992,YR1992,-1.18936419413601
Germany,DEU,1993,YR1993,-1.03480470817526
Germany,DEU,1994,YR1994,-1.51604667658218
Germany,DEU,1995,YR1995,-1.24190664241749
Germany,DEU,1996,YR1996,-0.679741222109565
Germany,DEU,1997,YR1997,-0.519212898828534
Germany,DEU,1998,YR1998,-0.69656064246132
Germany,DEU,1999,YR1999,-1.4232431818159
Germany,DEU,2000,YR2000,-1.73264876185734
Germany,DEU,2001,YR2001,-0.360112949627776
Germany,DEU,2002,YR2002,1.91245447507559
Germany,DEU,2003,YR2003,1.43894053812807
Germany,DEU,2004,YR2004,4.47182799933407
Germany,DEU,2005,YR2005,4.60125512561961
Germany,DEU,2006,YR2006,5.70492714427785
Germany,DEU,2007,YR2007,6.78127663580756
Germany,DEU,2008,YR2008,5.62028060782954
Germany,DEU,2009,YR2009,5.81837349966363
Germany,DEU,2010,YR2010,5.6487301702838
Germany,DEU,2011,YR2011,6.06724249561542
Germany,DEU,2012,YR2012,7.02378560476352
Germany,DEU,2013,YR2013,6.75501527640218
Germany,DEU,2014,YR2014,7.25136500210266
Germany,DEU,2015,YR2015,8.44097638868237
Germany,DEU,2016,YR2016,..
Greece,GRC,1960,YR1960,..
Greece,GRC,1961,YR1961,..
Greece,GRC,1962,YR1962,..
Greece,GRC,1963,YR1963,..
Greece,GRC,1964,YR1964,..
Greece,GRC,1965,YR1965,..
Greece,GRC,1966,YR1966,..
Greece,GRC,1967,YR1967,..
Greece,GRC,1968,YR1968,..
Greece,GRC,1969,YR1969,..
Greece,GRC,1970,YR1970,..
Greece,GRC,1971,YR1971,..
Greece,GRC,1972,YR1972,..
Greece,GRC,1973,YR1973,..
Greece,GRC,1974,YR1974,..
Greece,GRC,1975,YR1975,..
Greece,GRC,1976,YR1976,-2.9820715720773
Greece,GRC,1977,YR1977,-2.97156422148457
Greece,GRC,1978,YR1978,-2.15720717765433
Greece,GRC,1979,YR1979,-3.46170166157904
Greece,GRC,1980,YR1980,-3.88705451545786
Greece,GRC,1981,YR1981,-4.60011588264364
Greece,GRC,1982,YR1982,-3.46406001767583
Greece,GRC,1983,YR1983,-3.79939880934238
Greece,GRC,1984,YR1984,-4.43981445114827
Greece,GRC,1985,YR1985,-6.85056817943485
Greece,GRC,1986,YR1986,-2.97270677106386
Greece,GRC,1987,YR1987,-1.86283130395305
Greece,GRC,1988,YR1988,-1.25620763254506
Greece,GRC,1989,YR1989,-3.23485024218006
Greece,GRC,1990,YR1990,-3.61319908323285
Greece,GRC,1991,YR1991,-1.49672020193768
Greece,GRC,1992,YR1992,-1.8412613638557
Greece,GRC,1993,YR1993,-0.686523721312045
Greece,GRC,1994,YR1994,-0.125212473016795
Greece,GRC,1995,YR1995,-2.09236863273243
Greece,GRC,1996,YR1996,-3.12213742312392
Greece,GRC,1997,YR1997,-3.39485993000208
Greece,GRC,1998,YR1998,..
Greece,GRC,1999,YR1999,-5.11776532456792
Greece,GRC,2000,YR2000,-7.54584631062784
Greece,GRC,2001,YR2001,-6.9020020439395
Greece,GRC,2002,YR2002,-6.228622750196
Greece,GRC,2003,YR2003,-6.34074743050611
Greece,GRC,2004,YR2004,-5.60287440763859
Greece,GRC,2005,YR2005,-7.35852642461474
Greece,GRC,2006,YR2006,-10.8171992433179
Greece,GRC,2007,YR2007,-13.9992370757987
Greece,GRC,2008,YR2008,-14.4762983332392
Greece,GRC,2009,YR2009,-10.8827698088833
Greece,GRC,2010,YR2010,-10.1126299824683
Greece,GRC,2011,YR2011,-9.932193664007
Greece,GRC,2012,YR2012,-2.5123619190048
Greece,GRC,2013,YR2013,-2.06223113790241
Greece,GRC,2014,YR2014,-1.58240334572474
Greece,GRC,2015,YR2015,0.111699915475889
Greece,GRC,2016,YR2016,..
Hungary,HUN,1960,YR1960,..
Hungary,HUN,1961,YR1961,..
Hungary,HUN,1962,YR1962,..
Hungary,HUN,1963,YR1963,..
Hungary,HUN,1964,YR1964,..
Hungary,HUN,1965,YR1965,..
Hungary,HUN,1966,YR1966,..
Hungary,HUN,1967,YR1967,..
Hungary,HUN,1968,YR1968,..
Hungary,HUN,1969,YR1969,..
Hungary,HUN,1970,YR1970,..
Hungary,HUN,1971,YR1971,..
Hungary,HUN,1972,YR1972,..
Hungary,HUN,1973,YR1973,..
Hungary,HUN,1974,YR1974,..
Hungary,HUN,1975,YR1975,..
Hungary,HUN,1976,YR1976,..
Hungary,HUN,1977,YR1977,..
Hungary,HUN,1978,YR1978,..
Hungary,HUN,1979,YR1979,..
Hungary,HUN,1980,YR1980,..
Hungary,HUN,1981,YR1981,..
Hungary,HUN,1982,YR1982,..
Hungary,HUN,1983,YR1983,..
Hungary,HUN,1984,YR1984,..
Hungary,HUN,1985,YR1985,..
Hungary,HUN,1986,YR1986,..
Hungary,HUN,1987,YR1987,..
Hungary,HUN,1988,YR1988,..
Hungary,HUN,1989,YR1989,..
Hungary,HUN,1990,YR1990,..
Hungary,HUN,1991,YR1991,1.16350714953121
Hungary,HUN,1992,YR1992,0.911321965547318
Hungary,HUN,1993,YR1993,-10.654550296082
Hungary,HUN,1994,YR1994,-9.41836274354267
Hungary,HUN,1995,YR1995,-3.40668677293516
Hungary,HUN,1996,YR1996,-3.72400374842319
Hungary,HUN,1997,YR1997,-4.11830444998605
Hungary,HUN,1998,YR1998,-7.12048192761147
Hungary,HUN,1999,YR1999,-7.90869636543418
Hungary,HUN,2000,YR2000,-8.46465987740327
Hungary,HUN,2001,YR2001,-5.83758515668567
Hungary,HUN,2002,YR2002,-6.39804026662318
Hungary,HUN,2003,YR2003,-8.03162469670677
Hungary,HUN,2004,YR2004,-8.53292536492735
Hungary,HUN,2005,YR2005,-7.0019676656895
Hungary,HUN,2006,YR2006,-7.0722138785386
Hungary,HUN,2007,YR2007,-7.14815396564385
Hungary,HUN,2008,YR2008,-6.94961250792399
Hungary,HUN,2009,YR2009,-0.763419282143333
Hungary,HUN,2010,YR2010,0.265891583217946
Hungary,HUN,2011,YR2011,0.808293255348735
Hungary,HUN,2012,YR2012,1.71901686170333
Hungary,HUN,2013,YR2013,3.78256771624128
Hungary,HUN,2014,YR2014,1.98518412466262
Hungary,HUN,2015,YR2015,3.24201016190175
Hungary,HUN,2016,YR2016,..
Iceland,ISL,1960,YR1960,..
Iceland,ISL,1961,YR1961,..
Iceland,ISL,1962,YR1962,..
Iceland,ISL,1963,YR1963,..
Iceland,ISL,1964,YR1964,..
Iceland,ISL,1965,YR1965,..
Iceland,ISL,1966,YR1966,..
Iceland,ISL,1967,YR1967,..
Iceland,ISL,1968,YR1968,..
Iceland,ISL,1969,YR1969,..
Iceland,ISL,1970,YR1970,..
Iceland,ISL,1971,YR1971,..
Iceland,ISL,1972,YR1972,..
Iceland,ISL,1973,YR1973,..
Iceland,ISL,1974,YR1974,..
Iceland,ISL,1975,YR1975,..
Iceland,ISL,1976,YR1976,-1.41998411681156
Iceland,ISL,1977,YR1977,-2.17377762797071
Iceland,ISL,1978,YR1978,0.789785959294692
Iceland,ISL,1979,YR1979,-0.653519929056165
Iceland,ISL,1980,YR1980,-2.23817745868283
Iceland,ISL,1981,YR1981,-4.1885412774437
Iceland,ISL,1982,YR1982,-8.06729954566746
Iceland,ISL,1983,YR1983,-2.01539849422583
Iceland,ISL,1984,YR1984,-4.59169014583742
Iceland,ISL,1985,YR1985,-3.81928949070248
Iceland,ISL,1986,YR1986,0.400279210542136
Iceland,ISL,1987,YR1987,-3.38341431430379
Iceland,ISL,1988,YR1988,-3.75538786068206
Iceland,ISL,1989,YR1989,-1.78356663612788
Iceland,ISL,1990,YR1990,-2.04827457072225
Iceland,ISL,1991,YR1991,-3.86361662256894
Iceland,ISL,1992,YR1992,-2.24572373733201
Iceland,ISL,1993,YR1993,0.587869400016605
Iceland,ISL,1994,YR1994,1.79496888983673
Iceland,ISL,1995,YR1995,-0.649114529214155
Iceland,ISL,1996,YR1996,-3.13332016436986
Iceland,ISL,1997,YR1997,-3.15866766937628
Iceland,ISL,1998,YR1998,-7.29553393026089
Iceland,ISL,1999,YR1999,-5.81310646270075
Iceland,ISL,2000,YR2000,-9.00632031256801
Iceland,ISL,2001,YR2001,-4.83865594284307
Iceland,ISL,2002,YR2002,0.736364995913915
Iceland,ISL,2003,YR2003,-3.91271517983221
Iceland,ISL,2004,YR2004,-9.2683500948989
Iceland,ISL,2005,YR2005,-13.964936158671
Iceland,ISL,2006,YR2006,-20.6764538890361
Iceland,ISL,2007,YR2007,-16.3135046357265
Iceland,ISL,2008,YR2008,-23.6698136855695
Iceland,ISL,2009,YR2009,-5.20473400197912
Iceland,ISL,2010,YR2010,-2.33006835793197
Iceland,ISL,2011,YR2011,-4.12830772171299
Iceland,ISL,2012,YR2012,-6.37314679733137
Iceland,ISL,2013,YR2013,6.08797727974563
Iceland,ISL,2014,YR2014,3.94867059805383
Iceland,ISL,2015,YR2015,5.14381321357188
Iceland,ISL,2016,YR2016,..
Ireland,IRL,1960,YR1960,..
Ireland,IRL,1961,YR1961,..
Ireland,IRL,1962,YR1962,..
Ireland,IRL,1963,YR1963,..
Ireland,IRL,1964,YR1964,..
Ireland,IRL,1965,YR1965,..
Ireland,IRL,1966,YR1966,..
Ireland,IRL,1967,YR1967,..
Ireland,IRL,1968,YR1968,..
Ireland,IRL,1969,YR1969,..
Ireland,IRL,1970,YR1970,..
Ireland,IRL,1971,YR1971,..
Ireland,IRL,1972,YR1972,..
Ireland,IRL,1973,YR1973,..
Ireland,IRL,1974,YR1974,..
Ireland,IRL,1975,YR1975,..
Ireland,IRL,1976,YR1976,..
Ireland,IRL,1977,YR1977,..
Ireland,IRL,1978,YR1978,..
Ireland,IRL,1979,YR1979,..
Ireland,IRL,1980,YR1980,..
Ireland,IRL,1981,YR1981,..
Ireland,IRL,1982,YR1982,..
Ireland,IRL,1983,YR1983,..
Ireland,IRL,1984,YR1984,..
Ireland,IRL,1985,YR1985,..
Ireland,IRL,1986,YR1986,..
Ireland,IRL,1987,YR1987,..
Ireland,IRL,1988,YR1988,..
Ireland,IRL,1989,YR1989,..
Ireland,IRL,1990,YR1990,..
Ireland,IRL,1991,YR1991,..
Ireland,IRL,1992,YR1992,..
Ireland,IRL,1993,YR1993,..
Ireland,IRL,1994,YR1994,..
Ireland,IRL,1995,YR1995,..
Ireland,IRL,1996,YR1996,..
Ireland,IRL,1997,YR1997,..
Ireland,IRL,1998,YR1998,..
Ireland,IRL,1999,YR1999,..
Ireland,IRL,2000,YR2000,..
Ireland,IRL,2001,YR2001,..
Ireland,IRL,2002,YR2002,..
Ireland,IRL,2003,YR2003,..
Ireland,IRL,2004,YR2004,..
Ireland,IRL,2005,YR2005,-3.3778465552598
Ireland,IRL,2006,YR2006,-3.384987892467
Ireland,IRL,2007,YR2007,-5.12897407818371
Ireland,IRL,2008,YR2008,-5.56415222415325
Ireland,IRL,2009,YR2009,-2.12132787087115
Ireland,IRL,2010,YR2010,1.04748910487013
Ireland,IRL,2011,YR2011,1.17541635596109
Ireland,IRL,2012,YR2012,4.09408395420454
Ireland,IRL,2013,YR2013,6.03405196329379
Ireland,IRL,2014,YR2014,3.47847982715759
Ireland,IRL,2015,YR2015,10.210298191638
Ireland,IRL,2016,YR2016,..
Israel,ISR,1960,YR1960,-1.57783336540312
Israel,ISR,1961,YR1961,-3.28182252668472
Israel,ISR,1962,YR1962,..
Israel,ISR,1963,YR1963,..
Israel,ISR,1964,YR1964,..
Israel,ISR,1965,YR1965,-5.18653321201092
Israel,ISR,1966,YR1966,-4.02010050251256
Israel,ISR,1967,YR1967,-0.496277915632754
Israel,ISR,1968,YR1968,-3.983546222126
Israel,ISR,1969,YR1969,-7.41180885664248
Israel,ISR,1970,YR1970,-9.84417380205286
Israel,ISR,1971,YR1971,-9.31345324048362
Israel,ISR,1972,YR1972,-2.88144072036018
Israel,ISR,1973,YR1973,-5.41683862979777
Israel,ISR,1974,YR1974,-11.1752614174636
Israel,ISR,1975,YR1975,-13.985083600916
Israel,ISR,1976,YR1976,-5.46931097604142
Israel,ISR,1977,YR1977,-2.47394023627519
Israel,ISR,1978,YR1978,-7.22383659717835
Israel,ISR,1979,YR1979,-5.16970105641717
Israel,ISR,1980,YR1980,-3.97994839264595
Israel,ISR,1981,YR1981,-5.85245975832365
Israel,ISR,1982,YR1982,-9.1978833015264
Israel,ISR,1983,YR1983,-8.64568853892923
Israel,ISR,1984,YR1984,-6.05828939464207
Israel,ISR,1985,YR1985,4.09466371913589
Israel,ISR,1986,YR1986,4.29832844804355
Israel,ISR,1987,YR1987,-3.9667691639006
Israel,ISR,1988,YR1988,-1.90894721791474
Israel,ISR,1989,YR1989,0.467266965229211
Israel,ISR,1990,YR1990,0.311295448617049
Israel,ISR,1991,YR1991,-2.16054387144671
Israel,ISR,1992,YR1992,-1.33036919129473
Israel,ISR,1993,YR1993,-3.7615138988065
Israel,ISR,1994,YR1994,-4.61646303598644
Israel,ISR,1995,YR1995,-4.79129563905978
Israel,ISR,1996,YR1996,-4.71103832849078
Israel,ISR,1997,YR1997,-2.85855270457698
Israel,ISR,1998,YR1998,-0.852483609573917
Israel,ISR,1999,YR1999,-1.6219279487412
Israel,ISR,2000,YR2000,-1.55366428871793
Israel,ISR,2001,YR2001,-1.55363300733585
Israel,ISR,2002,YR2002,-1.06513438600834
Israel,ISR,2003,YR2003,0.500513839346813
Israel,ISR,2004,YR2004,5.08933180217021
Israel,ISR,2005,YR2005,2.8305585340056
Israel,ISR,2006,YR2006,4.43216420711372
Israel,ISR,2007,YR2007,3.07722679579431
Israel,ISR,2008,YR2008,1.4677502391557
Israel,ISR,2009,YR2009,3.82709922768456
Israel,ISR,2010,YR2010,3.36014566211561
Israel,ISR,2011,YR2011,2.55514350557353
Israel,ISR,2012,YR2012,0.576187569266821
Israel,ISR,2013,YR2013,3.32264199920499
Israel,ISR,2014,YR2014,3.82719284613839
Israel,ISR,2015,YR2015,4.55620708233335
Israel,ISR,2016,YR2016,..
Italy,ITA,1960,YR1960,..
Italy,ITA,1961,YR1961,..
Italy,ITA,1962,YR1962,..
Italy,ITA,1963,YR1963,..
Italy,ITA,1964,YR1964,..
Italy,ITA,1965,YR1965,..
Italy,ITA,1966,YR1966,..
Italy,ITA,1967,YR1967,..
Italy,ITA,1968,YR1968,..
Italy,ITA,1969,YR1969,..
Italy,ITA,1970,YR1970,0.722412816892923
Italy,ITA,1971,YR1971,1.30158826653223
Italy,ITA,1972,YR1972,1.36918104576922
Italy,ITA,1973,YR1973,-1.6242248353886
Italy,ITA,1974,YR1974,-4.15848623513396
Italy,ITA,1975,YR1975,-0.289120181644606
Italy,ITA,1976,YR1976,-1.27599883006847
Italy,ITA,1977,YR1977,0.912881506171643
Italy,ITA,1978,YR1978,1.92711071200065
Italy,ITA,1979,YR1979,1.50962144065945
Italy,ITA,1980,YR1980,-2.22185664803104
Italy,ITA,1981,YR1981,-2.41670637555673
Italy,ITA,1982,YR1982,-1.73724727094453
Italy,ITA,1983,YR1983,0.14652484962513
Italy,ITA,1984,YR1984,-0.734562562661002
Italy,ITA,1985,YR1985,-0.907042585514709
Italy,ITA,1986,YR1986,0.379912325758908
Italy,ITA,1987,YR1987,-0.319885228023754
Italy,ITA,1988,YR1988,-0.804622052359487
Italy,ITA,1989,YR1989,-1.38611733771781
Italy,ITA,1990,YR1990,-1.3961947636498
Italy,ITA,1991,YR1991,-1.95647496721104
Italy,ITA,1992,YR1992,-2.22518656982558
Italy,ITA,1993,YR1993,0.728507003929128
Italy,ITA,1994,YR1994,1.2047991325123
Italy,ITA,1995,YR1995,2.14352603164917
Italy,ITA,1996,YR1996,3.05391579296072
Italy,ITA,1997,YR1997,2.60495239373886
Italy,ITA,1998,YR1998,1.58785317939384
Italy,ITA,1999,YR1999,0.649593741397419
Italy,ITA,2000,YR2000,-0.506335906447206
Italy,ITA,2001,YR2001,-0.0560910786395994
Italy,ITA,2002,YR2002,-0.73975557439934
Italy,ITA,2003,YR2003,-1.2363820837239
Italy,ITA,2004,YR2004,-0.914998624344612
Italy,ITA,2005,YR2005,-1.60547047434957
Italy,ITA,2006,YR2006,-2.46201795906705
Italy,ITA,2007,YR2007,-2.34103625511201
Italy,ITA,2008,YR2008,-2.79609166664692
Italy,ITA,2009,YR2009,-1.84496062853537
Italy,ITA,2010,YR2010,-3.44037463974036
Italy,ITA,2011,YR2011,-3.01204798350038
Italy,ITA,2012,YR2012,-0.376085484756654
Italy,ITA,2013,YR2013,0.97459696019538
Italy,ITA,2014,YR2014,1.83902232586574
Italy,ITA,2015,YR2015,1.61124156923219
Italy,ITA,2016,YR2016,..
Japan,JPN,1960,YR1960,..
Japan,JPN,1961,YR1961,..
Japan,JPN,1962,YR1962,..
Japan,JPN,1963,YR1963,..
Japan,JPN,1964,YR1964,..
Japan,JPN,1965,YR1965,..
Japan,JPN,1966,YR1966,..
Japan,JPN,1967,YR1967,..
Japan,JPN,1968,YR1968,..
Japan,JPN,1969,YR1969,..
Japan,JPN,1970,YR1970,..
Japan,JPN,1971,YR1971,..
Japan,JPN,1972,YR1972,..
Japan,JPN,1973,YR1973,..
Japan,JPN,1974,YR1974,..
Japan,JPN,1975,YR1975,..
Japan,JPN,1976,YR1976,..
Japan,JPN,1977,YR1977,..
Japan,JPN,1978,YR1978,..
Japan,JPN,1979,YR1979,..
Japan,JPN,1980,YR1980,..
Japan,JPN,1981,YR1981,..
Japan,JPN,1982,YR1982,..
Japan,JPN,1983,YR1983,..
Japan,JPN,1984,YR1984,..
Japan,JPN,1985,YR1985,..
Japan,JPN,1986,YR1986,..
Japan,JPN,1987,YR1987,..
Japan,JPN,1988,YR1988,..
Japan,JPN,1989,YR1989,..
Japan,JPN,1990,YR1990,..
Japan,JPN,1991,YR1991,..
Japan,JPN,1992,YR1992,..
Japan,JPN,1993,YR1993,..
Japan,JPN,1994,YR1994,..
Japan,JPN,1995,YR1995,..
Japan,JPN,1996,YR1996,1.42735270343139
Japan,JPN,1997,YR1997,2.16221191794072
Japan,JPN,1998,YR1998,2.8440113354126
Japan,JPN,1999,YR1999,2.50163216982456
Japan,JPN,2000,YR2000,2.67396313672467
Japan,JPN,2001,YR2001,2.00346308875838
Japan,JPN,2002,YR2002,2.64540023925218
Japan,JPN,2003,YR2003,3.13520558309101
Japan,JPN,2004,YR2004,3.77960796393175
Japan,JPN,2005,YR2005,3.57745657079706
Japan,JPN,2006,YR2006,3.85558995816805
Japan,JPN,2007,YR2007,4.6893298438132
Japan,JPN,2008,YR2008,2.82093127833033
Japan,JPN,2009,YR2009,2.78468846027694
Japan,JPN,2010,YR2010,3.8751622271609
Japan,JPN,2011,YR2011,2.10470974608697
Japan,JPN,2012,YR2012,0.969126781898833
Japan,JPN,2013,YR2013,0.899555492939678
Japan,JPN,2014,YR2014,0.742975955705027
Japan,JPN,2015,YR2015,3.0938924249817
Japan,JPN,2016,YR2016,..
"Korea, Rep.",KOR,1960,YR1960,..
"Korea, Rep.",KOR,1961,YR1961,..
"Korea, Rep.",KOR,1962,YR1962,..
"Korea, Rep.",KOR,1963,YR1963,..
"Korea, Rep.",KOR,1964,YR1964,..
"Korea, Rep.",KOR,1965,YR1965,..
"Korea, Rep.",KOR,1966,YR1966,..
"Korea, Rep.",KOR,1967,YR1967,..
"Korea, Rep.",KOR,1968,YR1968,..
"Korea, Rep.",KOR,1969,YR1969,..
"Korea, Rep.",KOR,1970,YR1970,..
"Korea, Rep.",KOR,1971,YR1971,..
"Korea, Rep.",KOR,1972,YR1972,..
"Korea, Rep.",KOR,1973,YR1973,..
"Korea, Rep.",KOR,1974,YR1974,..
"Korea, Rep.",KOR,1975,YR1975,..
"Korea, Rep.",KOR,1976,YR1976,-0.988692374601334
"Korea, Rep.",KOR,1977,YR1977,0.0298093801003911
"Korea, Rep.",KOR,1978,YR1978,-1.99912442659459
"Korea, Rep.",KOR,1979,YR1979,-5.95280620559286
"Korea, Rep.",KOR,1980,YR1980,-10.0955157435195
"Korea, Rep.",KOR,1981,YR1981,-8.42315947837542
"Korea, Rep.",KOR,1982,YR1982,-6.78852650591105
"Korea, Rep.",KOR,1983,YR1983,-3.87256379585327
"Korea, Rep.",KOR,1984,YR1984,-1.75609196298052
"Korea, Rep.",KOR,1985,YR1985,-2.00453265091067
"Korea, Rep.",KOR,1986,YR1986,2.3061786488619
"Korea, Rep.",KOR,1987,YR1987,5.84666590094954
"Korea, Rep.",KOR,1988,YR1988,6.45316864561688
"Korea, Rep.",KOR,1989,YR1989,1.67002652089553
"Korea, Rep.",KOR,1990,YR1990,-0.844087758392019
"Korea, Rep.",KOR,1991,YR1991,-2.28830529456707
"Korea, Rep.",KOR,1992,YR1992,-0.682835505668094
"Korea, Rep.",KOR,1993,YR1993,0.516885425771653
"Korea, Rep.",KOR,1994,YR1994,-0.973110748213452
"Korea, Rep.",KOR,1995,YR1995,-1.74342658024298
"Korea, Rep.",KOR,1996,YR1996,-3.9493505267753
"Korea, Rep.",KOR,1997,YR1997,-1.83507063921648
"Korea, Rep.",KOR,1998,YR1998,10.6397922310677
"Korea, Rep.",KOR,1999,YR1999,4.4432517887505
"Korea, Rep.",KOR,2000,YR2000,1.85963063141497
"Korea, Rep.",KOR,2001,YR2001,0.506554708697684
"Korea, Rep.",KOR,2002,YR2002,0.770516498632633
"Korea, Rep.",KOR,2003,YR2003,1.74533972520438
"Korea, Rep.",KOR,2004,YR2004,3.8886328482337
"Korea, Rep.",KOR,2005,YR2005,1.40900522486422
"Korea, Rep.",KOR,2006,YR2006,0.352758348503283
"Korea, Rep.",KOR,2007,YR2007,1.05056729265288
"Korea, Rep.",KOR,2008,YR2008,0.318263755868081
"Korea, Rep.",KOR,2009,YR2009,3.72458123223616
"Korea, Rep.",KOR,2010,YR2010,2.63594494576815
"Korea, Rep.",KOR,2011,YR2011,1.55146473606062
"Korea, Rep.",KOR,2012,YR2012,4.15723755782941
"Korea, Rep.",KOR,2013,YR2013,6.21537150700405
"Korea, Rep.",KOR,2014,YR2014,5.97824500875559
"Korea, Rep.",KOR,2015,YR2015,7.68363207006134
"Korea, Rep.",KOR,2016,YR2016,..
Latvia,LVA,1960,YR1960,..
Latvia,LVA,1961,YR1961,..
Latvia,LVA,1962,YR1962,..
Latvia,LVA,1963,YR1963,..
Latvia,LVA,1964,YR1964,..
Latvia,LVA,1965,YR1965,..
Latvia,LVA,1966,YR1966,..
Latvia,LVA,1967,YR1967,..
Latvia,LVA,1968,YR1968,..
Latvia,LVA,1969,YR1969,..
Latvia,LVA,1970,YR1970,..
Latvia,LVA,1971,YR1971,..
Latvia,LVA,1972,YR1972,..
Latvia,LVA,1973,YR1973,..
Latvia,LVA,1974,YR1974,..
Latvia,LVA,1975,YR1975,..
Latvia,LVA,1976,YR1976,..
Latvia,LVA,1977,YR1977,..
Latvia,LVA,1978,YR1978,..
Latvia,LVA,1979,YR1979,..
Latvia,LVA,1980,YR1980,..
Latvia,LVA,1981,YR1981,..
Latvia,LVA,1982,YR1982,..
Latvia,LVA,1983,YR1983,..
Latvia,LVA,1984,YR1984,..
Latvia,LVA,1985,YR1985,..
Latvia,LVA,1986,YR1986,..
Latvia,LVA,1987,YR1987,..
Latvia,LVA,1988,YR1988,..
Latvia,LVA,1989,YR1989,..
Latvia,LVA,1990,YR1990,..
Latvia,LVA,1991,YR1991,..
Latvia,LVA,1992,YR1992,..
Latvia,LVA,1993,YR1993,..
Latvia,LVA,1994,YR1994,..
Latvia,LVA,1995,YR1995,-0.279249670592618
Latvia,LVA,1996,YR1996,-4.68644734954823
Latvia,LVA,1997,YR1997,-5.28743667368418
Latvia,LVA,1998,YR1998,-9.05232541039345
Latvia,LVA,1999,YR1999,-8.68556624764913
Latvia,LVA,2000,YR2000,-3.66285776217598
Latvia,LVA,2001,YR2001,-5.99579251293069
Latvia,LVA,2002,YR2002,-5.46988587397715
Latvia,LVA,2003,YR2003,-7.22238073573017
Latvia,LVA,2004,YR2004,-11.6782791867707
Latvia,LVA,2005,YR2005,-11.7447580068271
Latvia,LVA,2006,YR2006,-21.073028282088
Latvia,LVA,2007,YR2007,-20.8013703208372
Latvia,LVA,2008,YR2008,-12.5933867605217
Latvia,LVA,2009,YR2009,7.90453335434693
Latvia,LVA,2010,YR2010,2.08054063303547
Latvia,LVA,2011,YR2011,-3.16208082050558
Latvia,LVA,2012,YR2012,-3.63532878235066
Latvia,LVA,2013,YR2013,-2.71848990331115
Latvia,LVA,2014,YR2014,-1.99233083952092
Latvia,LVA,2015,YR2015,-0.782407891058667
Latvia,LVA,2016,YR2016,..
Lithuania,LTU,1960,YR1960,..
Lithuania,LTU,1961,YR1961,..
Lithuania,LTU,1962,YR1962,..
Lithuania,LTU,1963,YR1963,..
Lithuania,LTU,1964,YR1964,..
Lithuania,LTU,1965,YR1965,..
Lithuania,LTU,1966,YR1966,..
Lithuania,LTU,1967,YR1967,..
Lithuania,LTU,1968,YR1968,..
Lithuania,LTU,1969,YR1969,..
Lithuania,LTU,1970,YR1970,..
Lithuania,LTU,1971,YR1971,..
Lithuania,LTU,1972,YR1972,..
Lithuania,LTU,1973,YR1973,..
Lithuania,LTU,1974,YR1974,..
Lithuania,LTU,1975,YR1975,..
Lithuania,LTU,1976,YR1976,..
Lithuania,LTU,1977,YR1977,..
Lithuania,LTU,1978,YR1978,..
Lithuania,LTU,1979,YR1979,..
Lithuania,LTU,1980,YR1980,..
Lithuania,LTU,1981,YR1981,..
Lithuania,LTU,1982,YR1982,..
Lithuania,LTU,1983,YR1983,..
Lithuania,LTU,1984,YR1984,..
Lithuania,LTU,1985,YR1985,..
Lithuania,LTU,1986,YR1986,..
Lithuania,LTU,1987,YR1987,..
Lithuania,LTU,1988,YR1988,..
Lithuania,LTU,1989,YR1989,..
Lithuania,LTU,1990,YR1990,..
Lithuania,LTU,1991,YR1991,..
Lithuania,LTU,1992,YR1992,..
Lithuania,LTU,1993,YR1993,..
Lithuania,LTU,1994,YR1994,..
Lithuania,LTU,1995,YR1995,-7.80564090918768
Lithuania,LTU,1996,YR1996,-8.61777704084582
Lithuania,LTU,1997,YR1997,-9.69674785689392
Lithuania,LTU,1998,YR1998,-11.5495624367736
Lithuania,LTU,1999,YR1999,-10.8821034077988
Lithuania,LTU,2000,YR2000,-5.84873152856712
Lithuania,LTU,2001,YR2001,-4.68128994499286
Lithuania,LTU,2002,YR2002,-5.04747130166895
Lithuania,LTU,2003,YR2003,-6.79881742589494
Lithuania,LTU,2004,YR2004,-7.632169482974
Lithuania,LTU,2005,YR2005,-7.23953298392318
Lithuania,LTU,2006,YR2006,-10.6063365138809
Lithuania,LTU,2007,YR2007,-15.138321657117
Lithuania,LTU,2008,YR2008,-13.7215734453962
Lithuania,LTU,2009,YR2009,2.26676704144661
Lithuania,LTU,2010,YR2010,-0.32111750541363
Lithuania,LTU,2011,YR2011,-3.86745412649251
Lithuania,LTU,2012,YR2012,-1.19093878712858
Lithuania,LTU,2013,YR2013,1.56431974786754
Lithuania,LTU,2014,YR2014,3.51873741526469
Lithuania,LTU,2015,YR2015,-2.37240800601175
Lithuania,LTU,2016,YR2016,..
Luxembourg,LUX,1960,YR1960,..
Luxembourg,LUX,1961,YR1961,..
Luxembourg,LUX,1962,YR1962,..
Luxembourg,LUX,1963,YR1963,..
Luxembourg,LUX,1964,YR1964,..
Luxembourg,LUX,1965,YR1965,..
Luxembourg,LUX,1966,YR1966,..
Luxembourg,LUX,1967,YR1967,..
Luxembourg,LUX,1968,YR1968,..
Luxembourg,LUX,1969,YR1969,..
Luxembourg,LUX,1970,YR1970,..
Luxembourg,LUX,1971,YR1971,..
Luxembourg,LUX,1972,YR1972,..
Luxembourg,LUX,1973,YR1973,..
Luxembourg,LUX,1974,YR1974,..
Luxembourg,LUX,1975,YR1975,..
Luxembourg,LUX,1976,YR1976,..
Luxembourg,LUX,1977,YR1977,..
Luxembourg,LUX,1978,YR1978,..
Luxembourg,LUX,1979,YR1979,..
Luxembourg,LUX,1980,YR1980,..
Luxembourg,LUX,1981,YR1981,..
Luxembourg,LUX,1982,YR1982,..
Luxembourg,LUX,1983,YR1983,..
Luxembourg,LUX,1984,YR1984,..
Luxembourg,LUX,1985,YR1985,..
Luxembourg,LUX,1986,YR1986,..
Luxembourg,LUX,1987,YR1987,..
Luxembourg,LUX,1988,YR1988,..
Luxembourg,LUX,1989,YR1989,..
Luxembourg,LUX,1990,YR1990,..
Luxembourg,LUX,1991,YR1991,..
Luxembourg,LUX,1992,YR1992,..
Luxembourg,LUX,1993,YR1993,..
Luxembourg,LUX,1994,YR1994,..
Luxembourg,LUX,1995,YR1995,..
Luxembourg,LUX,1996,YR1996,..
Luxembourg,LUX,1997,YR1997,..
Luxembourg,LUX,1998,YR1998,..
Luxembourg,LUX,1999,YR1999,7.42697816260764
Luxembourg,LUX,2000,YR2000,11.8520195097908
Luxembourg,LUX,2001,YR2001,7.85346861863671
Luxembourg,LUX,2002,YR2002,9.02544066712031
Luxembourg,LUX,2003,YR2003,6.66044452079852
Luxembourg,LUX,2004,YR2004,12.062107087145
Luxembourg,LUX,2005,YR2005,11.1068789569998
Luxembourg,LUX,2006,YR2006,10.047651736164
Luxembourg,LUX,2007,YR2007,9.91847725509981
Luxembourg,LUX,2008,YR2008,7.89791397933172
Luxembourg,LUX,2009,YR2009,7.03474909511835
Luxembourg,LUX,2010,YR2010,6.84820043347979
Luxembourg,LUX,2011,YR2011,6.10680612788258
Luxembourg,LUX,2012,YR2012,5.91202336527537
Luxembourg,LUX,2013,YR2013,5.53003814510666
Luxembourg,LUX,2014,YR2014,5.13078076617186
Luxembourg,LUX,2015,YR2015,5.12442134704827
Luxembourg,LUX,2016,YR2016,..
Netherlands,NLD,1960,YR1960,..
Netherlands,NLD,1961,YR1961,..
Netherlands,NLD,1962,YR1962,..
Netherlands,NLD,1963,YR1963,..
Netherlands,NLD,1964,YR1964,..
Netherlands,NLD,1965,YR1965,..
Netherlands,NLD,1966,YR1966,..
Netherlands,NLD,1967,YR1967,2.42025237691129
Netherlands,NLD,1968,YR1968,2.7100369806349
Netherlands,NLD,1969,YR1969,2.4131036029323
Netherlands,NLD,1970,YR1970,0.512489681226054
Netherlands,NLD,1971,YR1971,1.19168972714499
Netherlands,NLD,1972,YR1972,3.88970104843655
Netherlands,NLD,1973,YR1973,4.54563654820156
Netherlands,NLD,1974,YR1974,3.52953976042996
Netherlands,NLD,1975,YR1975,2.41875723434767
Netherlands,NLD,1976,YR1976,3.32822484985589
Netherlands,NLD,1977,YR1977,1.12707583070369
Netherlands,NLD,1978,YR1978,-0.587819544153686
Netherlands,NLD,1979,YR1979,0.197163240174583
Netherlands,NLD,1980,YR1980,-0.4437613377752
Netherlands,NLD,1981,YR1981,2.36114245196757
Netherlands,NLD,1982,YR1982,3.21189945774323
Netherlands,NLD,1983,YR1983,3.35921428497964
Netherlands,NLD,1984,YR1984,4.49069643911005
Netherlands,NLD,1985,YR1985,2.99114218713426
Netherlands,NLD,1986,YR1986,2.17764624355244
Netherlands,NLD,1987,YR1987,1.730540928708
Netherlands,NLD,1988,YR1988,2.7582549490949
Netherlands,NLD,1989,YR1989,3.93619070146108
Netherlands,NLD,1990,YR1990,2.57386382064653
Netherlands,NLD,1991,YR1991,2.309315119139
Netherlands,NLD,1992,YR1992,1.91066753968291
Netherlands,NLD,1993,YR1993,3.78278459913018
Netherlands,NLD,1994,YR1994,4.62052248780641
Netherlands,NLD,1995,YR1995,5.77179356706439
Netherlands,NLD,1996,YR1996,4.82434967673488
Netherlands,NLD,1997,YR1997,6.08363781719958
Netherlands,NLD,1998,YR1998,3.01312488693381
Netherlands,NLD,1999,YR1999,3.54853572584771
Netherlands,NLD,2000,YR2000,1.75959133475613
Netherlands,NLD,2001,YR2001,2.29979095929423
Netherlands,NLD,2002,YR2002,2.36747417463855
Netherlands,NLD,2003,YR2003,5.22270486826492
Netherlands,NLD,2004,YR2004,6.80560102981862
Netherlands,NLD,2005,YR2005,6.13083627477861
Netherlands,NLD,2006,YR2006,7.86755937626601
Netherlands,NLD,2007,YR2007,5.96356966913082
Netherlands,NLD,2008,YR2008,4.1609251716836
Netherlands,NLD,2009,YR2009,5.83015363315646
Netherlands,NLD,2010,YR2010,7.3908990353545
Netherlands,NLD,2011,YR2011,9.09919767658522
Netherlands,NLD,2012,YR2012,10.802344291455
Netherlands,NLD,2013,YR2013,9.86476410937534
Netherlands,NLD,2014,YR2014,8.93647035062833
Netherlands,NLD,2015,YR2015,8.68069333306407
Netherlands,NLD,2016,YR2016,..
New Zealand,NZL,1960,YR1960,..
New Zealand,NZL,1961,YR1961,..
New Zealand,NZL,1962,YR1962,..
New Zealand,NZL,1963,YR1963,..
New Zealand,NZL,1964,YR1964,..
New Zealand,NZL,1965,YR1965,..
New Zealand,NZL,1966,YR1966,..
New Zealand,NZL,1967,YR1967,..
New Zealand,NZL,1968,YR1968,..
New Zealand,NZL,1969,YR1969,..
New Zealand,NZL,1970,YR1970,..
New Zealand,NZL,1971,YR1971,..
New Zealand,NZL,1972,YR1972,..
New Zealand,NZL,1973,YR1973,..
New Zealand,NZL,1974,YR1974,..
New Zealand,NZL,1975,YR1975,..
New Zealand,NZL,1976,YR1976,..
New Zealand,NZL,1977,YR1977,..
New Zealand,NZL,1978,YR1978,..
New Zealand,NZL,1979,YR1979,..
New Zealand,NZL,1980,YR1980,..
New Zealand,NZL,1981,YR1981,..
New Zealand,NZL,1982,YR1982,..
New Zealand,NZL,1983,YR1983,..
New Zealand,NZL,1984,YR1984,..
New Zealand,NZL,1985,YR1985,..
New Zealand,NZL,1986,YR1986,..
New Zealand,NZL,1987,YR1987,..
New Zealand,NZL,1988,YR1988,..
New Zealand,NZL,1989,YR1989,..
New Zealand,NZL,1990,YR1990,..
New Zealand,NZL,1991,YR1991,..
New Zealand,NZL,1992,YR1992,..
New Zealand,NZL,1993,YR1993,..
New Zealand,NZL,1994,YR1994,..
New Zealand,NZL,1995,YR1995,..
New Zealand,NZL,1996,YR1996,..
New Zealand,NZL,1997,YR1997,..
New Zealand,NZL,1998,YR1998,..
New Zealand,NZL,1999,YR1999,..
New Zealand,NZL,2000,YR2000,-3.30284871216651
New Zealand,NZL,2001,YR2001,-0.776440240634347
New Zealand,NZL,2002,YR2002,-2.09520386370734
New Zealand,NZL,2003,YR2003,-2.40599179153862
New Zealand,NZL,2004,YR2004,-4.50791009901217
New Zealand,NZL,2005,YR2005,-6.9954108819189
New Zealand,NZL,2006,YR2006,-7.06086310323986
New Zealand,NZL,2007,YR2007,-6.79079689963155
New Zealand,NZL,2008,YR2008,-7.70094328495768
New Zealand,NZL,2009,YR2009,-2.48084832126803
New Zealand,NZL,2010,YR2010,-2.33952532929452
New Zealand,NZL,2011,YR2011,-2.86285583958031
New Zealand,NZL,2012,YR2012,-3.89956036826969
New Zealand,NZL,2013,YR2013,-3.0687328975973
New Zealand,NZL,2014,YR2014,-3.18260034102069
New Zealand,NZL,2015,YR2015,-3.16563942106375
New Zealand,NZL,2016,YR2016,..
Norway,NOR,1960,YR1960,..
Norway,NOR,1961,YR1961,..
Norway,NOR,1962,YR1962,..
Norway,NOR,1963,YR1963,..
Norway,NOR,1964,YR1964,..
Norway,NOR,1965,YR1965,..
Norway,NOR,1966,YR1966,..
Norway,NOR,1967,YR1967,..
Norway,NOR,1968,YR1968,..
Norway,NOR,1969,YR1969,..
Norway,NOR,1970,YR1970,..
Norway,NOR,1971,YR1971,..
Norway,NOR,1972,YR1972,..
Norway,NOR,1973,YR1973,..
Norway,NOR,1974,YR1974,..
Norway,NOR,1975,YR1975,-7.53769523792199
Norway,NOR,1976,YR1976,-10.4230468475961
Norway,NOR,1977,YR1977,-12.17380973598
Norway,NOR,1978,YR1978,-4.55282226254318
Norway,NOR,1979,YR1979,-1.9713583533686
Norway,NOR,1980,YR1980,1.67395740641177
Norway,NOR,1981,YR1981,3.35986948148877
Norway,NOR,1982,YR1982,1.01962562597084
Norway,NOR,1983,YR1983,3.17454933119806
Norway,NOR,1984,YR1984,4.64376053627758
Norway,NOR,1985,YR1985,4.63242376677832
Norway,NOR,1986,YR1986,-5.74515766297961
Norway,NOR,1987,YR1987,-4.35026760380168
Norway,NOR,1988,YR1988,-3.81610538770098
Norway,NOR,1989,YR1989,0.218208568716421
Norway,NOR,1990,YR1990,3.32682431692929
Norway,NOR,1991,YR1991,4.12461565471791
Norway,NOR,1992,YR1992,3.41719782044258
Norway,NOR,1993,YR1993,2.92107753903755
Norway,NOR,1994,YR1994,2.95773401861897
Norway,NOR,1995,YR1995,3.44183234394298
Norway,NOR,1996,YR1996,6.7080890671261
Norway,NOR,1997,YR1997,6.2198186681703
Norway,NOR,1998,YR1998,0.00396227751162077
Norway,NOR,1999,YR1999,5.45865273810217
Norway,NOR,2000,YR2000,14.6389674970558
Norway,NOR,2001,YR2001,15.8305823705614
Norway,NOR,2002,YR2002,12.4190174342074
Norway,NOR,2003,YR2003,12.1081613891584
Norway,NOR,2004,YR2004,12.4830941456272
Norway,NOR,2005,YR2005,16.1852654044342
Norway,NOR,2006,YR2006,16.1867629710996
Norway,NOR,2007,YR2007,12.4056792685712
Norway,NOR,2008,YR2008,15.7842981147823
Norway,NOR,2009,YR2009,11.6901869093091
Norway,NOR,2010,YR2010,11.7281750843286
Norway,NOR,2011,YR2011,13.33987152098
Norway,NOR,2012,YR2012,12.4768989797683
Norway,NOR,2013,YR2013,10.2248060589972
Norway,NOR,2014,YR2014,11.0295560327524
Norway,NOR,2015,YR2015,8.72939668590641
Norway,NOR,2016,YR2016,..
Poland,POL,1960,YR1960,..
Poland,POL,1961,YR1961,..
Poland,POL,1962,YR1962,..
Poland,POL,1963,YR1963,..
Poland,POL,1964,YR1964,..
Poland,POL,1965,YR1965,..
Poland,POL,1966,YR1966,..
Poland,POL,1967,YR1967,..
Poland,POL,1968,YR1968,..
Poland,POL,1969,YR1969,..
Poland,POL,1970,YR1970,..
Poland,POL,1971,YR1971,..
Poland,POL,1972,YR1972,..
Poland,POL,1973,YR1973,..
Poland,POL,1974,YR1974,..
Poland,POL,1975,YR1975,..
Poland,POL,1976,YR1976,..
Poland,POL,1977,YR1977,..
Poland,POL,1978,YR1978,..
Poland,POL,1979,YR1979,..
Poland,POL,1980,YR1980,..
Poland,POL,1981,YR1981,..
Poland,POL,1982,YR1982,..
Poland,POL,1983,YR1983,..
Poland,POL,1984,YR1984,..
Poland,POL,1985,YR1985,..
Poland,POL,1986,YR1986,..
Poland,POL,1987,YR1987,..
Poland,POL,1988,YR1988,..
Poland,POL,1989,YR1989,..
Poland,POL,1990,YR1990,4.64853694341554
Poland,POL,1991,YR1991,-2.50991404542249
Poland,POL,1992,YR1992,-3.29032970311139
Poland,POL,1993,YR1993,-6.02630134705476
Poland,POL,1994,YR1994,0.572184651861
Poland,POL,1995,YR1995,0.600827426940116
Poland,POL,1996,YR1996,-2.04072853425846
Poland,POL,1997,YR1997,-3.60990411943388
Poland,POL,1998,YR1998,-3.95726153292777
Poland,POL,1999,YR1999,-7.35751287341059
Poland,POL,2000,YR2000,-6.01737439627754
Poland,POL,2001,YR2001,-3.12038661495561
Poland,POL,2002,YR2002,-2.79040780047791
Poland,POL,2003,YR2003,-2.51610617899826
Poland,POL,2004,YR2004,-5.4295874872195
Poland,POL,2005,YR2005,-2.60702288211229
Poland,POL,2006,YR2006,-4.02898350569813
Poland,POL,2007,YR2007,-6.38998777371264
Poland,POL,2008,YR2008,-6.71186591077151
Poland,POL,2009,YR2009,-4.062563889731
Poland,POL,2010,YR2010,-5.39825983863524
Poland,POL,2011,YR2011,-5.17275475758754
Poland,POL,2012,YR2012,-3.71843962093428
Poland,POL,2013,YR2013,-1.28744936954359
Poland,POL,2014,YR2014,-2.09920416536799
Poland,POL,2015,YR2015,-0.614589429361698
Poland,POL,2016,YR2016,..
Portugal,PRT,1960,YR1960,..
Portugal,PRT,1961,YR1961,..
Portugal,PRT,1962,YR1962,..
Portugal,PRT,1963,YR1963,..
Portugal,PRT,1964,YR1964,..
Portugal,PRT,1965,YR1965,..
Portugal,PRT,1966,YR1966,..
Portugal,PRT,1967,YR1967,..
Portugal,PRT,1968,YR1968,..
Portugal,PRT,1969,YR1969,..
Portugal,PRT,1970,YR1970,..
Portugal,PRT,1971,YR1971,..
Portugal,PRT,1972,YR1972,..
Portugal,PRT,1973,YR1973,..
Portugal,PRT,1974,YR1974,..
Portugal,PRT,1975,YR1975,-3.90036649623403
Portugal,PRT,1976,YR1976,-6.30278822351223
Portugal,PRT,1977,YR1977,-4.46133386149562
Portugal,PRT,1978,YR1978,-1.97000395912229
Portugal,PRT,1979,YR1979,-0.202981591179882
Portugal,PRT,1980,YR1980,-3.23421454865142
Portugal,PRT,1981,YR1981,-14.6519329372701
Portugal,PRT,1982,YR1982,-10.6720507299096
Portugal,PRT,1983,YR1983,-5.99185145168397
Portugal,PRT,1984,YR1984,-2.47097950765119
Portugal,PRT,1985,YR1985,1.40119393360584
Portugal,PRT,1986,YR1986,3.00786218431088
Portugal,PRT,1987,YR1987,0.903092187783013
Portugal,PRT,1988,YR1988,-1.89127463879299
Portugal,PRT,1989,YR1989,0.252388877346525
Portugal,PRT,1990,YR1990,-0.23043302567908
Portugal,PRT,1991,YR1991,-0.802707922749616
Portugal,PRT,1992,YR1992,-0.17121999530778
Portugal,PRT,1993,YR1993,0.245111139850674
Portugal,PRT,1994,YR1994,-2.20239867055611
Portugal,PRT,1995,YR1995,-0.111571073825094
Portugal,PRT,1996,YR1996,-4.00052284252414
Portugal,PRT,1997,YR1997,-5.66584776127364
Portugal,PRT,1998,YR1998,-6.75846202242246
Portugal,PRT,1999,YR1999,-8.84717566926871
Portugal,PRT,2000,YR2000,-10.8551114322213
Portugal,PRT,2001,YR2001,-10.4263150200215
Portugal,PRT,2002,YR2002,-8.45693775488708
Portugal,PRT,2003,YR2003,-7.20048482645558
Portugal,PRT,2004,YR2004,-8.35901670394342
Portugal,PRT,2005,YR2005,-9.90257249484648
Portugal,PRT,2006,YR2006,-10.6528244705094
Portugal,PRT,2007,YR2007,-9.79450678670817
Portugal,PRT,2008,YR2008,-12.1937658759019
Portugal,PRT,2009,YR2009,-10.4428224463708
Portugal,PRT,2010,YR2010,-10.1552266037146
Portugal,PRT,2011,YR2011,-6.03666098430763
Portugal,PRT,2012,YR2012,-1.82896149030775
Portugal,PRT,2013,YR2013,1.55443000285981
Portugal,PRT,2014,YR2014,0.0406889312998899
Portugal,PRT,2015,YR2015,0.422959445842188
Portugal,PRT,2016,YR2016,..
Slovak Republic,SVK,1960,YR1960,..
Slovak Republic,SVK,1961,YR1961,..
Slovak Republic,SVK,1962,YR1962,..
Slovak Republic,SVK,1963,YR1963,..
Slovak Republic,SVK,1964,YR1964,..
Slovak Republic,SVK,1965,YR1965,..
Slovak Republic,SVK,1966,YR1966,..
Slovak Republic,SVK,1967,YR1967,..
Slovak Republic,SVK,1968,YR1968,..
Slovak Republic,SVK,1969,YR1969,..
Slovak Republic,SVK,1970,YR1970,..
Slovak Republic,SVK,1971,YR1971,..
Slovak Republic,SVK,1972,YR1972,..
Slovak Republic,SVK,1973,YR1973,..
Slovak Republic,SVK,1974,YR1974,..
Slovak Republic,SVK,1975,YR1975,..
Slovak Republic,SVK,1976,YR1976,..
Slovak Republic,SVK,1977,YR1977,..
Slovak Republic,SVK,1978,YR1978,..
Slovak Republic,SVK,1979,YR1979,..
Slovak Republic,SVK,1980,YR1980,..
Slovak Republic,SVK,1981,YR1981,..
Slovak Republic,SVK,1982,YR1982,..
Slovak Republic,SVK,1983,YR1983,..
Slovak Republic,SVK,1984,YR1984,..
Slovak Republic,SVK,1985,YR1985,..
Slovak Republic,SVK,1986,YR1986,..
Slovak Republic,SVK,1987,YR1987,..
Slovak Republic,SVK,1988,YR1988,..
Slovak Republic,SVK,1989,YR1989,..
Slovak Republic,SVK,1990,YR1990,..
Slovak Republic,SVK,1991,YR1991,..
Slovak Republic,SVK,1992,YR1992,..
Slovak Republic,SVK,1993,YR1993,-3.52347249711802
Slovak Republic,SVK,1994,YR1994,3.33968898704626
Slovak Republic,SVK,1995,YR1995,1.51572507141691
Slovak Republic,SVK,1996,YR1996,-7.51356750720714
Slovak Republic,SVK,1997,YR1997,-7.09058876467997
Slovak Republic,SVK,1998,YR1998,-7.12881483042972
Slovak Republic,SVK,1999,YR1999,-3.79774531116616
Slovak Republic,SVK,2000,YR2000,-2.38454859073194
Slovak Republic,SVK,2001,YR2001,-5.67512753966452
Slovak Republic,SVK,2002,YR2002,-5.57229779200364
Slovak Republic,SVK,2003,YR2003,-0.603312235477535
Slovak Republic,SVK,2004,YR2004,-7.60835886047472
Slovak Republic,SVK,2005,YR2005,-8.17448324845606
Slovak Republic,SVK,2006,YR2006,-7.71996882458293
Slovak Republic,SVK,2007,YR2007,-5.36999462868714
Slovak Republic,SVK,2008,YR2008,-6.25085488098219
Slovak Republic,SVK,2009,YR2009,-3.39315445300404
Slovak Republic,SVK,2010,YR2010,-4.70413828648738
Slovak Republic,SVK,2011,YR2011,-4.99775742356828
Slovak Republic,SVK,2012,YR2012,0.952396712096248
Slovak Republic,SVK,2013,YR2013,1.79551192090517
Slovak Republic,SVK,2014,YR2014,1.23416675540966
Slovak Republic,SVK,2015,YR2015,0.221187832108431
Slovak Republic,SVK,2016,YR2016,..
Slovenia,SVN,1960,YR1960,..
Slovenia,SVN,1961,YR1961,..
Slovenia,SVN,1962,YR1962,..
Slovenia,SVN,1963,YR1963,..
Slovenia,SVN,1964,YR1964,..
Slovenia,SVN,1965,YR1965,..
Slovenia,SVN,1966,YR1966,..
Slovenia,SVN,1967,YR1967,..
Slovenia,SVN,1968,YR1968,..
Slovenia,SVN,1969,YR1969,..
Slovenia,SVN,1970,YR1970,..
Slovenia,SVN,1971,YR1971,..
Slovenia,SVN,1972,YR1972,..
Slovenia,SVN,1973,YR1973,..
Slovenia,SVN,1974,YR1974,..
Slovenia,SVN,1975,YR1975,..
Slovenia,SVN,1976,YR1976,..
Slovenia,SVN,1977,YR1977,..
Slovenia,SVN,1978,YR1978,..
Slovenia,SVN,1979,YR1979,..
Slovenia,SVN,1980,YR1980,..
Slovenia,SVN,1981,YR1981,..
Slovenia,SVN,1982,YR1982,..
Slovenia,SVN,1983,YR1983,..
Slovenia,SVN,1984,YR1984,..
Slovenia,SVN,1985,YR1985,..
Slovenia,SVN,1986,YR1986,..
Slovenia,SVN,1987,YR1987,..
Slovenia,SVN,1988,YR1988,..
Slovenia,SVN,1989,YR1989,..
Slovenia,SVN,1990,YR1990,..
Slovenia,SVN,1991,YR1991,..
Slovenia,SVN,1992,YR1992,..
Slovenia,SVN,1993,YR1993,..
Slovenia,SVN,1994,YR1994,..
Slovenia,SVN,1995,YR1995,-0.352088586230917
Slovenia,SVN,1996,YR1996,0.257448513701503
Slovenia,SVN,1997,YR1997,0.243383574087916
Slovenia,SVN,1998,YR1998,-0.534226775707134
Slovenia,SVN,1999,YR1999,-3.07227921515093
Slovenia,SVN,2000,YR2000,-2.69144912302411
Slovenia,SVN,2001,YR2001,0.149937339594571
Slovenia,SVN,2002,YR2002,1.03464767892737
Slovenia,SVN,2003,YR2003,-0.726325033765262
Slovenia,SVN,2004,YR2004,-2.58919092191464
Slovenia,SVN,2005,YR2005,-1.8722328847687
Slovenia,SVN,2006,YR2006,-1.7580228333542
Slovenia,SVN,2007,YR2007,-4.18846849994342
Slovenia,SVN,2008,YR2008,-5.29957370579783
Slovenia,SVN,2009,YR2009,-0.551811779661304
Slovenia,SVN,2010,YR2010,-0.114223979277489
Slovenia,SVN,2011,YR2011,0.189885079797035
Slovenia,SVN,2012,YR2012,2.57514635591169
Slovenia,SVN,2013,YR2013,4.81298314512766
Slovenia,SVN,2014,YR2014,6.23076811222559
Slovenia,SVN,2015,YR2015,5.18065960974224
Slovenia,SVN,2016,YR2016,..
Spain,ESP,1960,YR1960,..
Spain,ESP,1961,YR1961,..
Spain,ESP,1962,YR1962,..
Spain,ESP,1963,YR1963,..
Spain,ESP,1964,YR1964,..
Spain,ESP,1965,YR1965,..
Spain,ESP,1966,YR1966,..
Spain,ESP,1967,YR1967,..
Spain,ESP,1968,YR1968,..
Spain,ESP,1969,YR1969,..
Spain,ESP,1970,YR1970,..
Spain,ESP,1971,YR1971,..
Spain,ESP,1972,YR1972,..
Spain,ESP,1973,YR1973,..
Spain,ESP,1974,YR1974,..
Spain,ESP,1975,YR1975,-3.40103386878553
Spain,ESP,1976,YR1976,-3.91118473547052
Spain,ESP,1977,YR1977,-1.85874873962201
Spain,ESP,1978,YR1978,0.780977368005064
Spain,ESP,1979,YR1979,0.353488284805286
Spain,ESP,1980,YR1980,-2.40377758672661
Spain,ESP,1981,YR1981,-2.6516791014701
Spain,ESP,1982,YR1982,-2.32689088942056
Spain,ESP,1983,YR1983,-1.76740567313918
Spain,ESP,1984,YR1984,1.03568389951179
Spain,ESP,1985,YR1985,1.54488788252335
Spain,ESP,1986,YR1986,1.56170521027461
Spain,ESP,1987,YR1987,-0.0828825150527754
Spain,ESP,1988,YR1988,-1.0117561728374
Spain,ESP,1989,YR1989,-2.64111333891905
Spain,ESP,1990,YR1990,-3.3656079243292
Spain,ESP,1991,YR1991,-3.43949477209905
Spain,ESP,1992,YR1992,-3.42293917004618
Spain,ESP,1993,YR1993,-1.10833321459774
Spain,ESP,1994,YR1994,-1.20753900611201
Spain,ESP,1995,YR1995,-0.320889853328774
Spain,ESP,1996,YR1996,-0.348514725451195
Spain,ESP,1997,YR1997,-0.140933951386668
Spain,ESP,1998,YR1998,-1.17520129784865
Spain,ESP,1999,YR1999,-3.29551074294533
Spain,ESP,2000,YR2000,-4.42799364977717
Spain,ESP,2001,YR2001,-4.4011958975681
Spain,ESP,2002,YR2002,-3.72458836336062
Spain,ESP,2003,YR2003,-3.86913691463331
Spain,ESP,2004,YR2004,-5.58891134331169
Spain,ESP,2005,YR2005,-7.51809418792607
Spain,ESP,2006,YR2006,-8.99508578921538
Spain,ESP,2007,YR2007,-9.67564105227128
Spain,ESP,2008,YR2008,-9.330088134831
Spain,ESP,2009,YR2009,-4.25061003231476
Spain,ESP,2010,YR2010,-3.93686840637343
Spain,ESP,2011,YR2011,-3.16287209962214
Spain,ESP,2012,YR2012,-0.255211365448406
Spain,ESP,2013,YR2013,1.51572585429844
Spain,ESP,2014,YR2014,1.02448976575975
Spain,ESP,2015,YR2015,1.35164003688193
Spain,ESP,2016,YR2016,..
Sweden,SWE,1960,YR1960,..
Sweden,SWE,1961,YR1961,..
Sweden,SWE,1962,YR1962,..
Sweden,SWE,1963,YR1963,..
Sweden,SWE,1964,YR1964,..
Sweden,SWE,1965,YR1965,..
Sweden,SWE,1966,YR1966,..
Sweden,SWE,1967,YR1967,..
Sweden,SWE,1968,YR1968,..
Sweden,SWE,1969,YR1969,..
Sweden,SWE,1970,YR1970,-0.674278307229666
Sweden,SWE,1971,YR1971,0.890216040334632
Sweden,SWE,1972,YR1972,1.21381993802751
Sweden,SWE,1973,YR1973,2.47870805446891
Sweden,SWE,1974,YR1974,-0.813347937030549
Sweden,SWE,1975,YR1975,-0.376992088875844
Sweden,SWE,1976,YR1976,-1.81869182405724
Sweden,SWE,1977,YR1977,-2.27663323744499
Sweden,SWE,1978,YR1978,-0.185457707259765
Sweden,SWE,1979,YR1979,-1.93090627277681
Sweden,SWE,1980,YR1980,-3.09169177119872
Sweden,SWE,1981,YR1981,-2.17235027369024
Sweden,SWE,1982,YR1982,-2.91312459781831
Sweden,SWE,1983,YR1983,-0.700111707878575
Sweden,SWE,1984,YR1984,0.683532013571121
Sweden,SWE,1985,YR1985,-0.897927068361598
Sweden,SWE,1986,YR1986,0.0218144014991914
Sweden,SWE,1987,YR1987,-0.0117965532058669
Sweden,SWE,1988,YR1988,-0.261660182105992
Sweden,SWE,1989,YR1989,-1.44324419344742
Sweden,SWE,1990,YR1990,-2.45545224887805
Sweden,SWE,1991,YR1991,-1.7210530788359
Sweden,SWE,1992,YR1992,-3.14916396702011
Sweden,SWE,1993,YR1993,-1.9810688928603
Sweden,SWE,1994,YR1994,0.32847849966297
Sweden,SWE,1995,YR1995,1.87098289716068
Sweden,SWE,1996,YR1996,2.04518523328063
Sweden,SWE,1997,YR1997,2.80011979392576
Sweden,SWE,1998,YR1998,3.57851569199336
Sweden,SWE,1999,YR1999,3.97929255407486
Sweden,SWE,2000,YR2000,4.49913431281848
Sweden,SWE,2001,YR2001,6.23795547585311
Sweden,SWE,2002,YR2002,4.71818866423768
Sweden,SWE,2003,YR2003,5.91103210995259
Sweden,SWE,2004,YR2004,5.99999193016606
Sweden,SWE,2005,YR2005,6.06189586410192
Sweden,SWE,2006,YR2006,8.2062353016297
Sweden,SWE,2007,YR2007,8.18494877266752
Sweden,SWE,2008,YR2008,7.93884491904267
Sweden,SWE,2009,YR2009,6.03229910459847
Sweden,SWE,2010,YR2010,5.97810417290717
Sweden,SWE,2011,YR2011,5.55781929782211
Sweden,SWE,2012,YR2012,5.595690937663
Sweden,SWE,2013,YR2013,5.26416208048794
Sweden,SWE,2014,YR2014,4.61213822273465
Sweden,SWE,2015,YR2015,5.21793352903944
Sweden,SWE,2016,YR2016,..
Switzerland,CHE,1960,YR1960,..
Switzerland,CHE,1961,YR1961,..
Switzerland,CHE,1962,YR1962,..
Switzerland,CHE,1963,YR1963,..
Switzerland,CHE,1964,YR1964,..
Switzerland,CHE,1965,YR1965,..
Switzerland,CHE,1966,YR1966,..
Switzerland,CHE,1967,YR1967,..
Switzerland,CHE,1968,YR1968,..
Switzerland,CHE,1969,YR1969,..
Switzerland,CHE,1970,YR1970,..
Switzerland,CHE,1971,YR1971,..
Switzerland,CHE,1972,YR1972,..
Switzerland,CHE,1973,YR1973,..
Switzerland,CHE,1974,YR1974,..
Switzerland,CHE,1975,YR1975,..
Switzerland,CHE,1976,YR1976,..
Switzerland,CHE,1977,YR1977,..
Switzerland,CHE,1978,YR1978,..
Switzerland,CHE,1979,YR1979,..
Switzerland,CHE,1980,YR1980,-0.169411551373618
Switzerland,CHE,1981,YR1981,3.15189031527332
Switzerland,CHE,1982,YR1982,2.27416310268963
Switzerland,CHE,1983,YR1983,1.09147357988752
Switzerland,CHE,1984,YR1984,5.79299190198102
Switzerland,CHE,1985,YR1985,5.61765211785869
Switzerland,CHE,1986,YR1986,3.02050844681798
Switzerland,CHE,1987,YR1987,3.25812831938909
Switzerland,CHE,1988,YR1988,4.23700199498604
Switzerland,CHE,1989,YR1989,3.61204562947715
Switzerland,CHE,1990,YR1990,2.37884742446689
Switzerland,CHE,1991,YR1991,3.66061527725047
Switzerland,CHE,1992,YR1992,4.93137268546876
Switzerland,CHE,1993,YR1993,6.39972015517706
Switzerland,CHE,1994,YR1994,5.73086950231319
Switzerland,CHE,1995,YR1995,6.05763896296098
Switzerland,CHE,1996,YR1996,6.04210254279091
Switzerland,CHE,1997,YR1997,8.83332684269408
Switzerland,CHE,1998,YR1998,8.54108422373872
Switzerland,CHE,1999,YR1999,9.75675019341517
Switzerland,CHE,2000,YR2000,11.742717702453
Switzerland,CHE,2001,YR2001,8.00142296030318
Switzerland,CHE,2002,YR2002,8.53991973219002
Switzerland,CHE,2003,YR2003,12.7393012843998
Switzerland,CHE,2004,YR2004,14.6973184592465
Switzerland,CHE,2005,YR2005,13.6009011277869
Switzerland,CHE,2006,YR2006,14.4357437236843
Switzerland,CHE,2007,YR2007,10.1710916951532
Switzerland,CHE,2008,YR2008,2.50607480303321
Switzerland,CHE,2009,YR2009,7.68378735239868
Switzerland,CHE,2010,YR2010,14.9014372265728
Switzerland,CHE,2011,YR2011,7.65099878846362
Switzerland,CHE,2012,YR2012,10.3107565043889
Switzerland,CHE,2013,YR2013,11.4990699300234
Switzerland,CHE,2014,YR2014,9.03849513537618
Switzerland,CHE,2015,YR2015,11.1621500736774
Switzerland,CHE,2016,YR2016,..
United Kingdom,GBR,1960,YR1960,..
United Kingdom,GBR,1961,YR1961,..
United Kingdom,GBR,1962,YR1962,..
United Kingdom,GBR,1963,YR1963,..
United Kingdom,GBR,1964,YR1964,..
United Kingdom,GBR,1965,YR1965,..
United Kingdom,GBR,1966,YR1966,..
United Kingdom,GBR,1967,YR1967,..
United Kingdom,GBR,1968,YR1968,..
United Kingdom,GBR,1969,YR1969,..
United Kingdom,GBR,1970,YR1970,1.50789705294205
United Kingdom,GBR,1971,YR1971,1.83432771771503
United Kingdom,GBR,1972,YR1972,0.313802108167172
United Kingdom,GBR,1973,YR1973,-1.25254746763939
United Kingdom,GBR,1974,YR1974,-3.61344972437301
United Kingdom,GBR,1975,YR1975,-1.43328844610717
United Kingdom,GBR,1976,YR1976,-0.593358578949812
United Kingdom,GBR,1977,YR1977,0.0551351099995306
United Kingdom,GBR,1978,YR1978,0.644119064686419
United Kingdom,GBR,1979,YR1979,-0.178279570640728
United Kingdom,GBR,1980,YR1980,1.21462434887475
United Kingdom,GBR,1981,YR1981,2.61238985947786
United Kingdom,GBR,1982,YR1982,1.55028160702169
United Kingdom,GBR,1983,YR1983,1.0807797343564
United Kingdom,GBR,1984,YR1984,0.397286079597483
United Kingdom,GBR,1985,YR1985,0.677370024918345
United Kingdom,GBR,1986,YR1986,-0.220092795315054
United Kingdom,GBR,1987,YR1987,-1.68950941079794
United Kingdom,GBR,1988,YR1988,-3.88147169402264
United Kingdom,GBR,1989,YR1989,-4.65090631621984
United Kingdom,GBR,1990,YR1990,-3.55031184555805
United Kingdom,GBR,1991,YR1991,-1.66449946529553
United Kingdom,GBR,1992,YR1992,-1.96702595518055
United Kingdom,GBR,1993,YR1993,-1.66961487109581
United Kingdom,GBR,1994,YR1994,-0.879081535567206
United Kingdom,GBR,1995,YR1995,-1.01770923259126
United Kingdom,GBR,1996,YR1996,-0.741476144508284
United Kingdom,GBR,1997,YR1997,-0.0912536931088978
United Kingdom,GBR,1998,YR1998,-0.32477921275714
United Kingdom,GBR,1999,YR1999,-2.4156207544035
United Kingdom,GBR,2000,YR2000,-2.13874758558887
United Kingdom,GBR,2001,YR2001,-1.93405884130492
United Kingdom,GBR,2002,YR2002,-1.99937255261481
United Kingdom,GBR,2003,YR2003,-1.66031033660239
United Kingdom,GBR,2004,YR2004,-1.75403253233138
United Kingdom,GBR,2005,YR2005,-1.20489750334584
United Kingdom,GBR,2006,YR2006,-2.23604241642395
United Kingdom,GBR,2007,YR2007,-2.45641784211248
United Kingdom,GBR,2008,YR2008,-3.52407141690108
United Kingdom,GBR,2009,YR2009,-2.90377115990753
United Kingdom,GBR,2010,YR2010,-2.75113540164091
United Kingdom,GBR,2011,YR2011,-1.7754839918459
United Kingdom,GBR,2012,YR2012,-3.66907720104038
United Kingdom,GBR,2013,YR2013,-4.40958395504181
United Kingdom,GBR,2014,YR2014,-4.65802352896277
United Kingdom,GBR,2015,YR2015,-5.35164384759307
United Kingdom,GBR,2016,YR2016,..
United States,USA,1960,YR1960,..
United States,USA,1961,YR1961,..
United States,USA,1962,YR1962,..
United States,USA,1963,YR1963,..
United States,USA,1964,YR1964,..
United States,USA,1965,YR1965,..
United States,USA,1966,YR1966,..
United States,USA,1967,YR1967,..
United States,USA,1968,YR1968,..
United States,USA,1969,YR1969,..
United States,USA,1970,YR1970,0.243520676950303
United States,USA,1971,YR1971,-0.0839206350565608
United States,USA,1972,YR1972,-0.410152762410045
United States,USA,1973,YR1973,0.53060833055079
United States,USA,1974,YR1974,0.109760624989912
United States,USA,1975,YR1975,1.05866282832314
United States,USA,1976,YR1976,0.204517819946559
United States,USA,1977,YR1977,-0.723890446132244
United States,USA,1978,YR1978,-0.668216658865784
United States,USA,1979,YR1979,-0.00595332396454144
United States,USA,1980,YR1980,0.0743055470645466
United States,USA,1981,YR1981,0.149799623538909
United States,USA,1982,YR1982,-0.346996449317801
United States,USA,1983,YR1983,-1.21551222507564
United States,USA,1984,YR1984,-2.4502727626177
United States,USA,1985,YR1985,-2.86318417460098
United States,USA,1986,YR1986,-3.20629695511372
United States,USA,1987,YR1987,-3.29855938657353
United States,USA,1988,YR1988,-2.30852017151792
United States,USA,1989,YR1989,-1.75877340817185
United States,USA,1990,YR1990,-1.32035830556247
United States,USA,1991,YR1991,0.0461771970166065
United States,USA,1992,YR1992,-0.789152629356755
United States,USA,1993,YR1993,-1.23253780719024
United States,USA,1994,YR1994,-1.66433818071614
United States,USA,1995,YR1995,-1.48173422441891
United States,USA,1996,YR1996,-1.53980253082609
United States,USA,1997,YR1997,-1.63471283955479
United States,USA,1998,YR1998,-2.36586010952818
United States,USA,1999,YR1999,-3.05916056768176
United States,USA,2000,YR2000,-3.99388261040903
United States,USA,2001,YR2001,-3.72187488702505
United States,USA,2002,YR2002,-4.17300310434585
United States,USA,2003,YR2003,-4.52920637981977
United States,USA,2004,YR2004,-5.16310971437063
United States,USA,2005,YR2005,-5.69314647335678
United States,USA,2006,YR2006,-5.82226126539129
United States,USA,2007,YR2007,-4.96380106281171
United States,USA,2008,YR2008,-4.69331216825099
United States,USA,2009,YR2009,-2.66336744149402
United States,USA,2010,YR2010,-2.95343499880917
United States,USA,2011,YR2011,-2.96662066825167
United States,USA,2012,YR2012,-2.76397370391244
United States,USA,2013,YR2013,-2.19527080732087
United States,USA,2014,YR2014,-2.25414637054699
United States,USA,2015,YR2015,-2.56677959230562
United States,USA,2016,YR2016,..
,,,,
,,,,
,,,,
Data from database: World Development Indicators,,,,
Last Updated: 02/01/2017,,,,
