﻿Country Name,Country Code,Time,Time Code,"Central government debt, total (% of GDP) [GC.DOD.TOTL.GD.ZS]","Central government debt, total (current LCU) [GC.DOD.TOTL.CN]"
Australia,AUS,1960,YR1960,..,..
Australia,AUS,1961,YR1961,..,..
Australia,AUS,1962,YR1962,..,..
Australia,AUS,1963,YR1963,..,..
Australia,AUS,1964,YR1964,..,..
Australia,AUS,1965,YR1965,..,..
Australia,AUS,1966,YR1966,..,..
Australia,AUS,1967,YR1967,..,..
Australia,AUS,1968,YR1968,..,..
Australia,AUS,1969,YR1969,..,..
Australia,AUS,1970,YR1970,..,..
Australia,AUS,1971,YR1971,..,..
Australia,AUS,1972,YR1972,..,..
Australia,AUS,1973,YR1973,..,..
Australia,AUS,1974,YR1974,..,..
Australia,AUS,1975,YR1975,..,..
Australia,AUS,1976,YR1976,..,..
Australia,AUS,1977,YR1977,..,..
Australia,AUS,1978,YR1978,..,..
Australia,AUS,1979,YR1979,..,..
Australia,AUS,1980,YR1980,..,..
Australia,AUS,1981,YR1981,..,..
Australia,AUS,1982,YR1982,..,..
Australia,AUS,1983,YR1983,..,..
Australia,AUS,1984,YR1984,..,..
Australia,AUS,1985,YR1985,..,..
Australia,AUS,1986,YR1986,..,..
Australia,AUS,1987,YR1987,..,..
Australia,AUS,1988,YR1988,..,..
Australia,AUS,1989,YR1989,..,..
Australia,AUS,1990,YR1990,12.2276364103603,49485000000
Australia,AUS,1991,YR1991,11.9154446808716,49502000000
Australia,AUS,1992,YR1992,14.1379652324214,59874000000
Australia,AUS,1993,YR1993,17.8602196734365,79401000000
Australia,AUS,1994,YR1994,20.162881787633,94203000000
Australia,AUS,1995,YR1995,21.667036178575,107501000000
Australia,AUS,1996,YR1996,21.785203116326,115374000000
Australia,AUS,1997,YR1997,20.8381935446822,116120000000
Australia,AUS,1998,YR1998,16.8730933806588,99449000000
Australia,AUS,1999,YR1999,31.1064412238325,193171000000
Australia,AUS,2000,YR2000,29.574537236495,195640000000
Australia,AUS,2001,YR2001,27.7745516555672,196100000000
Australia,AUS,2002,YR2002,25.9868368716091,196000000000
Australia,AUS,2003,YR2003,25.1625837245365,201700000000
Australia,AUS,2004,YR2004,22.9408073818833,197800000000
Australia,AUS,2005,YR2005,22.4956520325732,207600000000
Australia,AUS,2006,YR2006,21.6033123075783,215700000000
Australia,AUS,2007,YR2007,20.3045685279188,220800000000
Australia,AUS,2008,YR2008,18.3744779688652,216600000000
Australia,AUS,2009,YR2009,24.0772504923448,303200000000
Australia,AUS,2010,YR2010,29.3408595553939,380700000000
Australia,AUS,2011,YR2011,30.7208662249139,433300000000
Australia,AUS,2012,YR2012,40.1142021302626,598400000000
Australia,AUS,2013,YR2013,38.2578661354383,584400000000
Australia,AUS,2014,YR2014,42.4355636061738,674700000000
Australia,AUS,2015,YR2015,47.1682407595225,762718000000
Australia,AUS,2016,YR2016,..,..
Austria,AUT,1960,YR1960,..,..
Austria,AUT,1961,YR1961,..,..
Austria,AUT,1962,YR1962,..,..
Austria,AUT,1963,YR1963,..,..
Austria,AUT,1964,YR1964,..,..
Austria,AUT,1965,YR1965,..,..
Austria,AUT,1966,YR1966,..,..
Austria,AUT,1967,YR1967,..,..
Austria,AUT,1968,YR1968,..,..
Austria,AUT,1969,YR1969,..,..
Austria,AUT,1970,YR1970,..,..
Austria,AUT,1971,YR1971,..,..
Austria,AUT,1972,YR1972,..,..
Austria,AUT,1973,YR1973,..,..
Austria,AUT,1974,YR1974,..,..
Austria,AUT,1975,YR1975,..,..
Austria,AUT,1976,YR1976,..,..
Austria,AUT,1977,YR1977,..,..
Austria,AUT,1978,YR1978,..,..
Austria,AUT,1979,YR1979,..,..
Austria,AUT,1980,YR1980,..,..
Austria,AUT,1981,YR1981,..,..
Austria,AUT,1982,YR1982,..,..
Austria,AUT,1983,YR1983,..,..
Austria,AUT,1984,YR1984,..,..
Austria,AUT,1985,YR1985,..,..
Austria,AUT,1986,YR1986,..,..
Austria,AUT,1987,YR1987,..,..
Austria,AUT,1988,YR1988,..,..
Austria,AUT,1989,YR1989,..,..
Austria,AUT,1990,YR1990,..,..
Austria,AUT,1991,YR1991,..,..
Austria,AUT,1992,YR1992,..,..
Austria,AUT,1993,YR1993,..,..
Austria,AUT,1994,YR1994,..,..
Austria,AUT,1995,YR1995,..,..
Austria,AUT,1996,YR1996,..,..
Austria,AUT,1997,YR1997,..,..
Austria,AUT,1998,YR1998,..,..
Austria,AUT,1999,YR1999,64.0103770392766,130208840000
Austria,AUT,2000,YR2000,64.1971157824073,136865760000
Austria,AUT,2001,YR2001,64.6623050484226,142318940000
Austria,AUT,2002,YR2002,67.1401329149261,151939900000
Austria,AUT,2003,YR2003,66.2387878955268,153011090000
Austria,AUT,2004,YR2004,65.9274287548971,159218050000
Austria,AUT,2005,YR2005,73.8906976721207,186950300000
Austria,AUT,2006,YR2006,70.0983833562245,186796770000
Austria,AUT,2007,YR2007,66.5028669872817,187768790000
Austria,AUT,2008,YR2008,71.767917002406,209512360000
Austria,AUT,2009,YR2009,83.2331231081516,238203510000
Austria,AUT,2010,YR2010,85.5284452401762,251990320000
Austria,AUT,2011,YR2011,85.5238669387851,263952550000
Austria,AUT,2012,YR2012,90.9982171877531,288570780000
Austria,AUT,2013,YR2013,87.4699273015565,282124830000
Austria,AUT,2014,YR2014,96.0173519812504,317258230000
Austria,AUT,2015,YR2015,95.7062989024526,325301920000
Austria,AUT,2016,YR2016,..,..
Belgium,BEL,1960,YR1960,..,..
Belgium,BEL,1961,YR1961,..,..
Belgium,BEL,1962,YR1962,..,..
Belgium,BEL,1963,YR1963,..,..
Belgium,BEL,1964,YR1964,..,..
Belgium,BEL,1965,YR1965,..,..
Belgium,BEL,1966,YR1966,..,..
Belgium,BEL,1967,YR1967,..,..
Belgium,BEL,1968,YR1968,..,..
Belgium,BEL,1969,YR1969,..,..
Belgium,BEL,1970,YR1970,..,..
Belgium,BEL,1971,YR1971,..,..
Belgium,BEL,1972,YR1972,..,..
Belgium,BEL,1973,YR1973,..,..
Belgium,BEL,1974,YR1974,..,..
Belgium,BEL,1975,YR1975,..,..
Belgium,BEL,1976,YR1976,..,..
Belgium,BEL,1977,YR1977,..,..
Belgium,BEL,1978,YR1978,..,..
Belgium,BEL,1979,YR1979,..,..
Belgium,BEL,1980,YR1980,..,..
Belgium,BEL,1981,YR1981,..,..
Belgium,BEL,1982,YR1982,..,..
Belgium,BEL,1983,YR1983,..,..
Belgium,BEL,1984,YR1984,..,..
Belgium,BEL,1985,YR1985,..,..
Belgium,BEL,1986,YR1986,..,..
Belgium,BEL,1987,YR1987,..,..
Belgium,BEL,1988,YR1988,..,..
Belgium,BEL,1989,YR1989,..,..
Belgium,BEL,1990,YR1990,..,..
Belgium,BEL,1991,YR1991,..,..
Belgium,BEL,1992,YR1992,..,..
Belgium,BEL,1993,YR1993,..,..
Belgium,BEL,1994,YR1994,..,..
Belgium,BEL,1995,YR1995,124.90786901259,264325036089.683
Belgium,BEL,1996,YR1996,126.354353496832,272852118028.13
Belgium,BEL,1997,YR1997,123.075710644391,278112952586.025
Belgium,BEL,1998,YR1998,124.797924825287,292638653922.816
Belgium,BEL,1999,YR1999,114.017213918925,278459680865.633
Belgium,BEL,2000,YR2000,108.69265813332,280668355685.021
Belgium,BEL,2001,YR2001,108.065038587177,287223904760.087
Belgium,BEL,2002,YR2002,107.334888815786,295240711921.143
Belgium,BEL,2003,YR2003,101.421008313899,286653295268.156
Belgium,BEL,2004,YR2004,97.2410570631577,290469733963.929
Belgium,BEL,2005,YR2005,95.8748343479567,298631892775.359
Belgium,BEL,2006,YR2006,88.542495964485,289234688167.506
Belgium,BEL,2007,YR2007,82.803766843907,285435348800.637
Belgium,BEL,2008,YR2008,90.3067773474152,319745594282.899
Belgium,BEL,2009,YR2009,94.9078783786855,331020647287.963
Belgium,BEL,2010,YR2010,92.4043033380418,337369035530.224
Belgium,BEL,2011,YR2011,94.4946418439247,358234856908.829
Belgium,BEL,2012,YR2012,103.481261478756,400989888230.178
Belgium,BEL,2013,YR2013,101.580605762268,397922722758.589
Belgium,BEL,2014,YR2014,112.083405180918,449226925462.965
Belgium,BEL,2015,YR2015,109.554246639984,449443010213.135
Belgium,BEL,2016,YR2016,..,..
Canada,CAN,1960,YR1960,..,..
Canada,CAN,1961,YR1961,..,..
Canada,CAN,1962,YR1962,..,..
Canada,CAN,1963,YR1963,..,..
Canada,CAN,1964,YR1964,..,..
Canada,CAN,1965,YR1965,..,..
Canada,CAN,1966,YR1966,..,..
Canada,CAN,1967,YR1967,..,..
Canada,CAN,1968,YR1968,..,..
Canada,CAN,1969,YR1969,..,..
Canada,CAN,1970,YR1970,..,..
Canada,CAN,1971,YR1971,..,..
Canada,CAN,1972,YR1972,..,..
Canada,CAN,1973,YR1973,..,..
Canada,CAN,1974,YR1974,..,..
Canada,CAN,1975,YR1975,..,..
Canada,CAN,1976,YR1976,..,..
Canada,CAN,1977,YR1977,..,..
Canada,CAN,1978,YR1978,..,..
Canada,CAN,1979,YR1979,..,..
Canada,CAN,1980,YR1980,..,..
Canada,CAN,1981,YR1981,..,..
Canada,CAN,1982,YR1982,..,..
Canada,CAN,1983,YR1983,..,..
Canada,CAN,1984,YR1984,..,..
Canada,CAN,1985,YR1985,..,..
Canada,CAN,1986,YR1986,..,..
Canada,CAN,1987,YR1987,..,..
Canada,CAN,1988,YR1988,..,..
Canada,CAN,1989,YR1989,..,..
Canada,CAN,1990,YR1990,61.7797768244307,428132000000
Canada,CAN,1991,YR1991,67.472717314048,471805000000
Canada,CAN,1992,YR1992,70.7247992022558,506403000000
Canada,CAN,1993,YR1993,75.2209216124458,560101000000
Canada,CAN,1994,YR1994,75.9662675568424,599759000000
Canada,CAN,1995,YR1995,77.3549922615091,641252000000
Canada,CAN,1996,YR1996,78.1025713428928,669357000000
Canada,CAN,1997,YR1997,75.0066932034667,677987000000
Canada,CAN,1998,YR1998,72.1942398071045,676673000000
Canada,CAN,1999,YR1999,66.0424149987655,663367000000
Canada,CAN,2000,YR2000,58.5020591810447,644915000000
Canada,CAN,2001,YR2001,57.0877812898672,651089000000
Canada,CAN,2002,YR2002,53.7877947155497,639780000000
Canada,CAN,2003,YR2003,50.9576386750539,637131000000
Canada,CAN,2004,YR2004,46.5480949955603,619638000000
Canada,CAN,2005,YR2005,45.6753148138216,647232000000
Canada,CAN,2006,YR2006,42.9036990176296,640212000000
Canada,CAN,2007,YR2007,38.7823063020008,610252000000
Canada,CAN,2008,YR2008,43.7322851699686,722861000000
Canada,CAN,2009,YR2009,52.1541568173336,817446000000
Canada,CAN,2010,YR2010,52.265495318961,868721000000
Canada,CAN,2011,YR2011,53.011940639192,938270000000
Canada,CAN,2012,YR2012,54.7753795243383,998450000000
Canada,CAN,2013,YR2013,51.7177048924603,981360000000
Canada,CAN,2014,YR2014,50.3362131432487,998226000000
Canada,CAN,2015,YR2015,54.7111987606441,1086670000000
Canada,CAN,2016,YR2016,53.2499911222642,1079667000000
Czech Republic,CZE,1960,YR1960,..,..
Czech Republic,CZE,1961,YR1961,..,..
Czech Republic,CZE,1962,YR1962,..,..
Czech Republic,CZE,1963,YR1963,..,..
Czech Republic,CZE,1964,YR1964,..,..
Czech Republic,CZE,1965,YR1965,..,..
Czech Republic,CZE,1966,YR1966,..,..
Czech Republic,CZE,1967,YR1967,..,..
Czech Republic,CZE,1968,YR1968,..,..
Czech Republic,CZE,1969,YR1969,..,..
Czech Republic,CZE,1970,YR1970,..,..
Czech Republic,CZE,1971,YR1971,..,..
Czech Republic,CZE,1972,YR1972,..,..
Czech Republic,CZE,1973,YR1973,..,..
Czech Republic,CZE,1974,YR1974,..,..
Czech Republic,CZE,1975,YR1975,..,..
Czech Republic,CZE,1976,YR1976,..,..
Czech Republic,CZE,1977,YR1977,..,..
Czech Republic,CZE,1978,YR1978,..,..
Czech Republic,CZE,1979,YR1979,..,..
Czech Republic,CZE,1980,YR1980,..,..
Czech Republic,CZE,1981,YR1981,..,..
Czech Republic,CZE,1982,YR1982,..,..
Czech Republic,CZE,1983,YR1983,..,..
Czech Republic,CZE,1984,YR1984,..,..
Czech Republic,CZE,1985,YR1985,..,..
Czech Republic,CZE,1986,YR1986,..,..
Czech Republic,CZE,1987,YR1987,..,..
Czech Republic,CZE,1988,YR1988,..,..
Czech Republic,CZE,1989,YR1989,..,..
Czech Republic,CZE,1990,YR1990,..,..
Czech Republic,CZE,1991,YR1991,..,..
Czech Republic,CZE,1992,YR1992,..,..
Czech Republic,CZE,1993,YR1993,16.0032484073289,188727000000
Czech Republic,CZE,1994,YR1994,14.240818470208,194159000000
Czech Republic,CZE,1995,YR1995,12.3343554108404,194897000000
Czech Republic,CZE,1996,YR1996,10.2240290584579,185323000000
Czech Republic,CZE,1997,YR1997,9.79808130912077,191387000000
Czech Republic,CZE,1998,YR1998,9.79395469122141,209844000000
Czech Republic,CZE,1999,YR1999,10.9085951816922,244058000000
Czech Republic,CZE,2000,YR2000,12.6453766495408,300028000000
Czech Republic,CZE,2001,YR2001,14.2120413832556,364209000000
Czech Republic,CZE,2002,YR2002,14.80785782279,396056000000
Czech Republic,CZE,2003,YR2003,17.5304328951939,491056000000
Czech Republic,CZE,2004,YR2004,19.2633909590994,589009000000
Czech Republic,CZE,2005,YR2005,21.0736924688119,686575000000
Czech Republic,CZE,2006,YR2006,22.6634248906015,794836000000
Czech Republic,CZE,2007,YR2007,23.1247352758572,886098000000
Czech Republic,CZE,2008,YR2008,24.4160528133815,980389000000
Czech Republic,CZE,2009,YR2009,29.5898824705934,1160464000000
Czech Republic,CZE,2010,YR2010,33.5564519984187,1326705000000
Czech Republic,CZE,2011,YR2011,36.2587712937449,1462590000000
Czech Republic,CZE,2012,YR2012,40.6395508079978,1649930000000
Czech Republic,CZE,2013,YR2013,40.6129335150098,1664370000000
Czech Republic,CZE,2014,YR2014,38.2096612806746,1648284165263
Czech Republic,CZE,2015,YR2015,36.7380561721902,1673277017127
Czech Republic,CZE,2016,YR2016,..,..
Denmark,DNK,1960,YR1960,..,..
Denmark,DNK,1961,YR1961,..,..
Denmark,DNK,1962,YR1962,..,..
Denmark,DNK,1963,YR1963,..,..
Denmark,DNK,1964,YR1964,..,..
Denmark,DNK,1965,YR1965,..,..
Denmark,DNK,1966,YR1966,..,..
Denmark,DNK,1967,YR1967,..,..
Denmark,DNK,1968,YR1968,..,..
Denmark,DNK,1969,YR1969,..,..
Denmark,DNK,1970,YR1970,..,..
Denmark,DNK,1971,YR1971,..,..
Denmark,DNK,1972,YR1972,..,..
Denmark,DNK,1973,YR1973,..,..
Denmark,DNK,1974,YR1974,..,..
Denmark,DNK,1975,YR1975,..,..
Denmark,DNK,1976,YR1976,..,..
Denmark,DNK,1977,YR1977,..,..
Denmark,DNK,1978,YR1978,..,..
Denmark,DNK,1979,YR1979,..,..
Denmark,DNK,1980,YR1980,..,..
Denmark,DNK,1981,YR1981,..,..
Denmark,DNK,1982,YR1982,..,..
Denmark,DNK,1983,YR1983,..,..
Denmark,DNK,1984,YR1984,..,..
Denmark,DNK,1985,YR1985,..,..
Denmark,DNK,1986,YR1986,..,..
Denmark,DNK,1987,YR1987,..,..
Denmark,DNK,1988,YR1988,..,..
Denmark,DNK,1989,YR1989,..,..
Denmark,DNK,1990,YR1990,..,..
Denmark,DNK,1991,YR1991,62.1353521583828,553347000000
Denmark,DNK,1992,YR1992,66.6274834401212,614981000000
Denmark,DNK,1993,YR1993,78.2391600769441,726424000000
Denmark,DNK,1994,YR1994,75.2616064255411,747563000000
Denmark,DNK,1995,YR1995,73.6952752722428,763839000000
Denmark,DNK,1996,YR1996,71.1120342933612,773716000000
Denmark,DNK,1997,YR1997,67.5639478627624,774370000000
Denmark,DNK,1998,YR1998,64.9769643537709,770619000000
Denmark,DNK,1999,YR1999,59.2184908672507,735210000000
Denmark,DNK,2000,YR2000,52.6028101336034,697993000000
Denmark,DNK,2001,YR2001,50.6171957367195,694228000000
Denmark,DNK,2002,YR2002,50.3155067359394,709585000000
Denmark,DNK,2003,YR2003,47.6950424951853,685259000000
Denmark,DNK,2004,YR2004,43.2452568092584,651274000000
Denmark,DNK,2005,YR2005,36.0742605221742,572132000000
Denmark,DNK,2006,YR2006,32.3856003233745,544810000000
Denmark,DNK,2007,YR2007,25.1822905434354,437881000000
Denmark,DNK,2008,YR2008,32.2615419629525,581182000000
Denmark,DNK,2009,YR2009,38.3913530990167,661154000000
Denmark,DNK,2010,YR2010,42.7397916866841,773986000000
Denmark,DNK,2011,YR2011,49.5516700291414,915147000000
Denmark,DNK,2012,YR2012,49.965910326216,946855000000
Denmark,DNK,2013,YR2013,46.2515229232664,892505000000
Denmark,DNK,2014,YR2014,48.4996624107664,958962000000
Denmark,DNK,2015,YR2015,42.5545748237322,862654000000
Denmark,DNK,2016,YR2016,..,..
Estonia,EST,1960,YR1960,..,..
Estonia,EST,1961,YR1961,..,..
Estonia,EST,1962,YR1962,..,..
Estonia,EST,1963,YR1963,..,..
Estonia,EST,1964,YR1964,..,..
Estonia,EST,1965,YR1965,..,..
Estonia,EST,1966,YR1966,..,..
Estonia,EST,1967,YR1967,..,..
Estonia,EST,1968,YR1968,..,..
Estonia,EST,1969,YR1969,..,..
Estonia,EST,1970,YR1970,..,..
Estonia,EST,1971,YR1971,..,..
Estonia,EST,1972,YR1972,..,..
Estonia,EST,1973,YR1973,..,..
Estonia,EST,1974,YR1974,..,..
Estonia,EST,1975,YR1975,..,..
Estonia,EST,1976,YR1976,..,..
Estonia,EST,1977,YR1977,..,..
Estonia,EST,1978,YR1978,..,..
Estonia,EST,1979,YR1979,..,..
Estonia,EST,1980,YR1980,..,..
Estonia,EST,1981,YR1981,..,..
Estonia,EST,1982,YR1982,..,..
Estonia,EST,1983,YR1983,..,..
Estonia,EST,1984,YR1984,..,..
Estonia,EST,1985,YR1985,..,..
Estonia,EST,1986,YR1986,..,..
Estonia,EST,1987,YR1987,..,..
Estonia,EST,1988,YR1988,..,..
Estonia,EST,1989,YR1989,..,..
Estonia,EST,1990,YR1990,..,..
Estonia,EST,1991,YR1991,..,..
Estonia,EST,1992,YR1992,..,..
Estonia,EST,1993,YR1993,..,..
Estonia,EST,1994,YR1994,..,..
Estonia,EST,1995,YR1995,..,..
Estonia,EST,1996,YR1996,..,..
Estonia,EST,1997,YR1997,..,..
Estonia,EST,1998,YR1998,0.446058345145438,22522464.9444608
Estonia,EST,1999,YR1999,0.503811811043698,27098538.9797144
Estonia,EST,2000,YR2000,0.259964642067322,16041823.7828027
Estonia,EST,2001,YR2001,0.243961807479057,17019672.0054197
Estonia,EST,2002,YR2002,0.284870576184295,22145386.2180921
Estonia,EST,2003,YR2003,0.312040649907055,27175232.9579589
Estonia,EST,2004,YR2004,0.329444982738327,31981388.927946
Estonia,EST,2005,YR2005,0.347186292774759,39101146.5749748
Estonia,EST,2006,YR2006,0.327884012783448,44335510.5901602
Estonia,EST,2007,YR2007,0.284224035737619,46176166.0680276
Estonia,EST,2008,YR2008,0.329400587525648,54407986.3996012
Estonia,EST,2009,YR2009,0.539454552046756,76310508.3532525
Estonia,EST,2010,YR2010,0.519665046922287,76476678.6394488
Estonia,EST,2011,YR2011,0.399130649020068,66525634.9622282
Estonia,EST,2012,YR2012,0.880086681044541,157842598.391983
Estonia,EST,2013,YR2013,0.896990141746014,169442562.60146
Estonia,EST,2014,YR2014,0.918325997091059,181445170.19672
Estonia,EST,2015,YR2015,0.862877502511141,174747229.430036
Estonia,EST,2016,YR2016,..,..
Finland,FIN,1960,YR1960,..,..
Finland,FIN,1961,YR1961,..,..
Finland,FIN,1962,YR1962,..,..
Finland,FIN,1963,YR1963,..,..
Finland,FIN,1964,YR1964,..,..
Finland,FIN,1965,YR1965,..,..
Finland,FIN,1966,YR1966,..,..
Finland,FIN,1967,YR1967,..,..
Finland,FIN,1968,YR1968,..,..
Finland,FIN,1969,YR1969,..,..
Finland,FIN,1970,YR1970,..,..
Finland,FIN,1971,YR1971,..,..
Finland,FIN,1972,YR1972,..,..
Finland,FIN,1973,YR1973,..,..
Finland,FIN,1974,YR1974,..,..
Finland,FIN,1975,YR1975,..,..
Finland,FIN,1976,YR1976,..,..
Finland,FIN,1977,YR1977,..,..
Finland,FIN,1978,YR1978,..,..
Finland,FIN,1979,YR1979,..,..
Finland,FIN,1980,YR1980,..,..
Finland,FIN,1981,YR1981,..,..
Finland,FIN,1982,YR1982,..,..
Finland,FIN,1983,YR1983,..,..
Finland,FIN,1984,YR1984,..,..
Finland,FIN,1985,YR1985,..,..
Finland,FIN,1986,YR1986,..,..
Finland,FIN,1987,YR1987,..,..
Finland,FIN,1988,YR1988,..,..
Finland,FIN,1989,YR1989,..,..
Finland,FIN,1990,YR1990,10.4697492426661,9528518785.75045
Finland,FIN,1991,YR1991,17.0031065923779,14786241554.8637
Finland,FIN,1992,YR1992,34.0788080381459,28916550196.5276
Finland,FIN,1993,YR1993,51.6006709400119,44246543317.6414
Finland,FIN,1994,YR1994,58.2352177727349,52858942467.956
Finland,FIN,1995,YR1995,..,..
Finland,FIN,1996,YR1996,..,..
Finland,FIN,1997,YR1997,..,..
Finland,FIN,1998,YR1998,73.6812812546726,88699000000
Finland,FIN,1999,YR1999,63.2154928578745,80235000000
Finland,FIN,2000,YR2000,54.659807281614,74480000000
Finland,FIN,2001,YR2001,48.8102079107154,70500000000
Finland,FIN,2002,YR2002,46.2913634861655,68645000000
Finland,FIN,2003,YR2003,47.5328068404489,72045000000
Finland,FIN,2004,YR2004,45.5674955987304,72214000000
Finland,FIN,2005,YR2005,41.3718846380797,68010000000
Finland,FIN,2006,YR2006,38.689214084605,66783000000
Finland,FIN,2007,YR2007,34.2842901856536,63969000000
Finland,FIN,2008,YR2008,32.8411912591438,63617000000
Finland,FIN,2009,YR2009,40.9299062581133,74095000000
Finland,FIN,2010,YR2010,46.8113308391235,87584000000
Finland,FIN,2011,YR2011,47.8922532242252,94285000000
Finland,FIN,2012,YR2012,52.3981167110239,104687769320.456
Finland,FIN,2013,YR2013,53.4962609054874,108778227000
Finland,FIN,2014,YR2014,58.0248595929412,119226000000
Finland,FIN,2015,YR2015,59.4164506875534,124484000000
Finland,FIN,2016,YR2016,..,..
France,FRA,1960,YR1960,..,..
France,FRA,1961,YR1961,..,..
France,FRA,1962,YR1962,..,..
France,FRA,1963,YR1963,..,..
France,FRA,1964,YR1964,..,..
France,FRA,1965,YR1965,..,..
France,FRA,1966,YR1966,..,..
France,FRA,1967,YR1967,..,..
France,FRA,1968,YR1968,..,..
France,FRA,1969,YR1969,..,..
France,FRA,1970,YR1970,..,..
France,FRA,1971,YR1971,..,..
France,FRA,1972,YR1972,..,..
France,FRA,1973,YR1973,..,..
France,FRA,1974,YR1974,..,..
France,FRA,1975,YR1975,..,..
France,FRA,1976,YR1976,..,..
France,FRA,1977,YR1977,..,..
France,FRA,1978,YR1978,..,..
France,FRA,1979,YR1979,..,..
France,FRA,1980,YR1980,..,..
France,FRA,1981,YR1981,..,..
France,FRA,1982,YR1982,..,..
France,FRA,1983,YR1983,..,..
France,FRA,1984,YR1984,..,..
France,FRA,1985,YR1985,..,..
France,FRA,1986,YR1986,..,..
France,FRA,1987,YR1987,..,..
France,FRA,1988,YR1988,..,..
France,FRA,1989,YR1989,..,..
France,FRA,1990,YR1990,..,..
France,FRA,1991,YR1991,..,..
France,FRA,1992,YR1992,..,..
France,FRA,1993,YR1993,..,..
France,FRA,1994,YR1994,..,..
France,FRA,1995,YR1995,..,..
France,FRA,1996,YR1996,..,..
France,FRA,1997,YR1997,..,..
France,FRA,1998,YR1998,61.86670945027,840630000000
France,FRA,1999,YR1999,58.8692754156313,828973000000
France,FRA,2000,YR2000,58.0355658071114,862004000000
France,FRA,2001,YR2001,57.578227522596,889370000000
France,FRA,2002,YR2002,60.9298112790958,971379000000
France,FRA,2003,YR2003,63.4102176693102,1038303000000
France,FRA,2004,YR2004,64.3876990343473,1101519000000
France,FRA,2005,YR2005,65.3863084078922,1158631000000
France,FRA,2006,YR2006,60.8059173340916,1126896000000
France,FRA,2007,YR2007,59.3556461270411,1154865000000
France,FRA,2008,YR2008,64.9012701355312,1295332000000
France,FRA,2009,YR2009,73.8428286085166,1431825000000
France,FRA,2010,YR2010,76.4846400841439,1528531000000
France,FRA,2011,YR2011,79.7061988535821,1641377000000
France,FRA,2012,YR2012,88.9999611869882,1857366000000
France,FRA,2013,YR2013,89.7922993718018,1899337000000
France,FRA,2014,YR2014,97.6656365288095,2097476000000
France,FRA,2015,YR2015,98.0424228310173,2151289000000
France,FRA,2016,YR2016,..,..
Germany,DEU,1960,YR1960,..,..
Germany,DEU,1961,YR1961,..,..
Germany,DEU,1962,YR1962,..,..
Germany,DEU,1963,YR1963,..,..
Germany,DEU,1964,YR1964,..,..
Germany,DEU,1965,YR1965,..,..
Germany,DEU,1966,YR1966,..,..
Germany,DEU,1967,YR1967,..,..
Germany,DEU,1968,YR1968,..,..
Germany,DEU,1969,YR1969,..,..
Germany,DEU,1970,YR1970,..,..
Germany,DEU,1971,YR1971,..,..
Germany,DEU,1972,YR1972,..,..
Germany,DEU,1973,YR1973,..,..
Germany,DEU,1974,YR1974,..,..
Germany,DEU,1975,YR1975,..,..
Germany,DEU,1976,YR1976,..,..
Germany,DEU,1977,YR1977,..,..
Germany,DEU,1978,YR1978,..,..
Germany,DEU,1979,YR1979,..,..
Germany,DEU,1980,YR1980,..,..
Germany,DEU,1981,YR1981,..,..
Germany,DEU,1982,YR1982,..,..
Germany,DEU,1983,YR1983,..,..
Germany,DEU,1984,YR1984,..,..
Germany,DEU,1985,YR1985,..,..
Germany,DEU,1986,YR1986,..,..
Germany,DEU,1987,YR1987,..,..
Germany,DEU,1988,YR1988,..,..
Germany,DEU,1989,YR1989,..,..
Germany,DEU,1990,YR1990,21.0100829162179,306335417699.902
Germany,DEU,1991,YR1991,21.8150398784656,344634000000
Germany,DEU,1992,YR1992,23.9610810938348,406217000000
Germany,DEU,1993,YR1993,27.1304795401904,474390000000
Germany,DEU,1994,YR1994,27.1394150653722,496730000000
Germany,DEU,1995,YR1995,35.056454330974,665680000000
Germany,DEU,1996,YR1996,36.9011898334648,710835000000
Germany,DEU,1997,YR1997,37.7503825447743,742584000000
Germany,DEU,1998,YR1998,37.7190409418154,761257000000
Germany,DEU,1999,YR1999,39.1501685327961,808404000000
Germany,DEU,2000,YR2000,38.313473314182,810897000000
Germany,DEU,2001,YR2001,36.7687226185288,801503000000
Germany,DEU,2002,YR2002,38.1406243634833,842637000000
Germany,DEU,2003,YR2003,39.7905480883572,883382000000
Germany,DEU,2004,YR2004,41.6860152733615,946531000000
Germany,DEU,2005,YR2005,43.3061985518458,996415000000
Germany,DEU,2006,YR2006,42.3114593126502,1012619000000
Germany,DEU,2007,YR2007,39.6063233369011,995398000000
Germany,DEU,2008,YR2008,41.9868917220327,1075595000000
Germany,DEU,2009,YR2009,46.1188970361097,1134654000000
Germany,DEU,2010,YR2010,54.3262559785431,1401650000000
Germany,DEU,2011,YR2011,53.9448119210394,1458193000000
Germany,DEU,2012,YR2012,55.6051641252094,1533735000000
Germany,DEU,2013,YR2013,52.6778688292573,1488803000000
Germany,DEU,2014,YR2014,53.5331557185022,1565272000000
Germany,DEU,2015,YR2015,50.4699916249563,1530664000000
Germany,DEU,2016,YR2016,..,..
Greece,GRC,1960,YR1960,..,..
Greece,GRC,1961,YR1961,..,..
Greece,GRC,1962,YR1962,..,..
Greece,GRC,1963,YR1963,..,..
Greece,GRC,1964,YR1964,..,..
Greece,GRC,1965,YR1965,..,..
Greece,GRC,1966,YR1966,..,..
Greece,GRC,1967,YR1967,..,..
Greece,GRC,1968,YR1968,..,..
Greece,GRC,1969,YR1969,..,..
Greece,GRC,1970,YR1970,..,..
Greece,GRC,1971,YR1971,..,..
Greece,GRC,1972,YR1972,..,..
Greece,GRC,1973,YR1973,..,..
Greece,GRC,1974,YR1974,..,..
Greece,GRC,1975,YR1975,..,..
Greece,GRC,1976,YR1976,..,..
Greece,GRC,1977,YR1977,..,..
Greece,GRC,1978,YR1978,..,..
Greece,GRC,1979,YR1979,..,..
Greece,GRC,1980,YR1980,..,..
Greece,GRC,1981,YR1981,..,..
Greece,GRC,1982,YR1982,..,..
Greece,GRC,1983,YR1983,..,..
Greece,GRC,1984,YR1984,..,..
Greece,GRC,1985,YR1985,..,..
Greece,GRC,1986,YR1986,..,..
Greece,GRC,1987,YR1987,..,..
Greece,GRC,1988,YR1988,..,..
Greece,GRC,1989,YR1989,..,..
Greece,GRC,1990,YR1990,..,..
Greece,GRC,1991,YR1991,..,..
Greece,GRC,1992,YR1992,..,..
Greece,GRC,1993,YR1993,..,..
Greece,GRC,1994,YR1994,..,..
Greece,GRC,1995,YR1995,..,..
Greece,GRC,1996,YR1996,..,..
Greece,GRC,1997,YR1997,..,..
Greece,GRC,1998,YR1998,..,..
Greece,GRC,1999,YR1999,..,..
Greece,GRC,2000,YR2000,..,..
Greece,GRC,2001,YR2001,..,..
Greece,GRC,2002,YR2002,..,..
Greece,GRC,2003,YR2003,..,..
Greece,GRC,2004,YR2004,..,..
Greece,GRC,2005,YR2005,..,..
Greece,GRC,2006,YR2006,..,..
Greece,GRC,2007,YR2007,..,..
Greece,GRC,2008,YR2008,..,..
Greece,GRC,2009,YR2009,..,..
Greece,GRC,2010,YR2010,..,..
Greece,GRC,2011,YR2011,..,..
Greece,GRC,2012,YR2012,..,..
Greece,GRC,2013,YR2013,..,..
Greece,GRC,2014,YR2014,..,..
Greece,GRC,2015,YR2015,..,..
Greece,GRC,2016,YR2016,..,..
Hungary,HUN,1960,YR1960,..,..
Hungary,HUN,1961,YR1961,..,..
Hungary,HUN,1962,YR1962,..,..
Hungary,HUN,1963,YR1963,..,..
Hungary,HUN,1964,YR1964,..,..
Hungary,HUN,1965,YR1965,..,..
Hungary,HUN,1966,YR1966,..,..
Hungary,HUN,1967,YR1967,..,..
Hungary,HUN,1968,YR1968,..,..
Hungary,HUN,1969,YR1969,..,..
Hungary,HUN,1970,YR1970,..,..
Hungary,HUN,1971,YR1971,..,..
Hungary,HUN,1972,YR1972,..,..
Hungary,HUN,1973,YR1973,..,..
Hungary,HUN,1974,YR1974,..,..
Hungary,HUN,1975,YR1975,..,..
Hungary,HUN,1976,YR1976,..,..
Hungary,HUN,1977,YR1977,..,..
Hungary,HUN,1978,YR1978,..,..
Hungary,HUN,1979,YR1979,..,..
Hungary,HUN,1980,YR1980,..,..
Hungary,HUN,1981,YR1981,..,..
Hungary,HUN,1982,YR1982,..,..
Hungary,HUN,1983,YR1983,..,..
Hungary,HUN,1984,YR1984,..,..
Hungary,HUN,1985,YR1985,..,..
Hungary,HUN,1986,YR1986,..,..
Hungary,HUN,1987,YR1987,..,..
Hungary,HUN,1988,YR1988,..,..
Hungary,HUN,1989,YR1989,..,..
Hungary,HUN,1990,YR1990,..,..
Hungary,HUN,1991,YR1991,71.4388811155292,1850000000000
Hungary,HUN,1992,YR1992,75.6995804950774,2309000000000
Hungary,HUN,1993,YR1993,86.3689535652678,3176600000000
Hungary,HUN,1994,YR1994,83.5658947469637,3780800000000
Hungary,HUN,1995,YR1995,86.3161581249449,5022928000000
Hungary,HUN,1996,YR1996,75.1345247355747,5337480000000
Hungary,HUN,1997,YR1997,67.3954136825146,5939144000000
Hungary,HUN,1998,YR1998,64.0733128959018,6684861000000
Hungary,HUN,1999,YR1999,66.5556697899486,7745659000000
Hungary,HUN,2000,YR2000,61.0129421310508,8127858000000
Hungary,HUN,2001,YR2001,59.2842421091457,9119957000000
Hungary,HUN,2002,YR2002,58.9777641242101,10274856000000
Hungary,HUN,2003,YR2003,59.7714996864344,11402817000000
Hungary,HUN,2004,YR2004,63.0485220677875,13255088000000
Hungary,HUN,2005,YR2005,65.2587878260865,14664173000000
Hungary,HUN,2006,YR2006,68.5566510062385,16558503000000
Hungary,HUN,2007,YR2007,69.1691438077212,17679896000000
Hungary,HUN,2008,YR2008,72.4530534797229,19614395000000
Hungary,HUN,2009,YR2009,80.8622802882656,21264687000000
Hungary,HUN,2010,YR2010,81.5808372621918,22096904000000
Hungary,HUN,2011,YR2011,90.8417685577155,25586597000000
Hungary,HUN,2012,YR2012,94.3423283556843,27039000000000
Hungary,HUN,2013,YR2013,94.5103699631853,28473469000000
Hungary,HUN,2014,YR2014,98.0829840653814,31779032000000
Hungary,HUN,2015,YR2015,96.5185664806965,32815359000000
Hungary,HUN,2016,YR2016,..,..
Iceland,ISL,1960,YR1960,..,..
Iceland,ISL,1961,YR1961,..,..
Iceland,ISL,1962,YR1962,..,..
Iceland,ISL,1963,YR1963,..,..
Iceland,ISL,1964,YR1964,..,..
Iceland,ISL,1965,YR1965,..,..
Iceland,ISL,1966,YR1966,..,..
Iceland,ISL,1967,YR1967,..,..
Iceland,ISL,1968,YR1968,..,..
Iceland,ISL,1969,YR1969,..,..
Iceland,ISL,1970,YR1970,..,..
Iceland,ISL,1971,YR1971,..,..
Iceland,ISL,1972,YR1972,..,..
Iceland,ISL,1973,YR1973,..,..
Iceland,ISL,1974,YR1974,..,..
Iceland,ISL,1975,YR1975,..,..
Iceland,ISL,1976,YR1976,..,..
Iceland,ISL,1977,YR1977,..,..
Iceland,ISL,1978,YR1978,..,..
Iceland,ISL,1979,YR1979,..,..
Iceland,ISL,1980,YR1980,..,..
Iceland,ISL,1981,YR1981,..,..
Iceland,ISL,1982,YR1982,..,..
Iceland,ISL,1983,YR1983,..,..
Iceland,ISL,1984,YR1984,..,..
Iceland,ISL,1985,YR1985,..,..
Iceland,ISL,1986,YR1986,..,..
Iceland,ISL,1987,YR1987,..,..
Iceland,ISL,1988,YR1988,..,..
Iceland,ISL,1989,YR1989,..,..
Iceland,ISL,1990,YR1990,29.6721344078099,112783900000
Iceland,ISL,1991,YR1991,31.0615890664396,127655800000
Iceland,ISL,1992,YR1992,37.344016531192,153412200000
Iceland,ISL,1993,YR1993,42.7130628538998,181029900000
Iceland,ISL,1994,YR1994,43.7473677359285,197106100000
Iceland,ISL,1995,YR1995,45.969382263613,213574700000
Iceland,ISL,1996,YR1996,45.2366788678604,225676600000
Iceland,ISL,1997,YR1997,68.227289184141,367470815000
Iceland,ISL,1998,YR1998,63.4404502254123,381213031000
Iceland,ISL,1999,YR1999,59.4933768591741,384358746000
Iceland,ISL,2000,YR2000,58.7762602284926,413376377000
Iceland,ISL,2001,YR2001,60.9413367611778,483647512111
Iceland,ISL,2002,YR2002,57.0261320881584,480875710140
Iceland,ISL,2003,YR2003,55.0478780516073,477333912555
Iceland,ISL,2004,YR2004,48.7095113590454,468516818863
Iceland,ISL,2005,YR2005,38.4574131334299,404280094398
Iceland,ISL,2006,YR2006,43.3396713471756,518383642000
Iceland,ISL,2007,YR2007,41.2035209960471,562037452217
Iceland,ISL,2008,YR2008,79.1091867794582,1227326820820.02
Iceland,ISL,2009,YR2009,99.0115392412277,1577587489000
Iceland,ISL,2010,YR2010,105.734049213938,1713201398030
Iceland,ISL,2011,YR2011,112.955994444591,1922042258070
Iceland,ISL,2012,YR2012,112.321724351017,1997640744365.59
Iceland,ISL,2013,YR2013,102.510413791572,1938720000000
Iceland,ISL,2014,YR2014,101.394910385445,2033923093284
Iceland,ISL,2015,YR2015,87.105629283867,1928593543186
Iceland,ISL,2016,YR2016,..,..
Ireland,IRL,1960,YR1960,..,..
Ireland,IRL,1961,YR1961,..,..
Ireland,IRL,1962,YR1962,..,..
Ireland,IRL,1963,YR1963,..,..
Ireland,IRL,1964,YR1964,..,..
Ireland,IRL,1965,YR1965,..,..
Ireland,IRL,1966,YR1966,..,..
Ireland,IRL,1967,YR1967,..,..
Ireland,IRL,1968,YR1968,..,..
Ireland,IRL,1969,YR1969,..,..
Ireland,IRL,1970,YR1970,..,..
Ireland,IRL,1971,YR1971,..,..
Ireland,IRL,1972,YR1972,..,..
Ireland,IRL,1973,YR1973,..,..
Ireland,IRL,1974,YR1974,..,..
Ireland,IRL,1975,YR1975,..,..
Ireland,IRL,1976,YR1976,..,..
Ireland,IRL,1977,YR1977,..,..
Ireland,IRL,1978,YR1978,..,..
Ireland,IRL,1979,YR1979,..,..
Ireland,IRL,1980,YR1980,..,..
Ireland,IRL,1981,YR1981,..,..
Ireland,IRL,1982,YR1982,..,..
Ireland,IRL,1983,YR1983,..,..
Ireland,IRL,1984,YR1984,..,..
Ireland,IRL,1985,YR1985,..,..
Ireland,IRL,1986,YR1986,..,..
Ireland,IRL,1987,YR1987,..,..
Ireland,IRL,1988,YR1988,..,..
Ireland,IRL,1989,YR1989,..,..
Ireland,IRL,1990,YR1990,..,..
Ireland,IRL,1991,YR1991,..,..
Ireland,IRL,1992,YR1992,..,..
Ireland,IRL,1993,YR1993,..,..
Ireland,IRL,1994,YR1994,..,..
Ireland,IRL,1995,YR1995,..,..
Ireland,IRL,1996,YR1996,..,..
Ireland,IRL,1997,YR1997,..,..
Ireland,IRL,1998,YR1998,60.0678037144568,48266000000
Ireland,IRL,1999,YR1999,49.1811748022491,45599000000
Ireland,IRL,2000,YR2000,38.9019685708114,42163000000
Ireland,IRL,2001,YR2001,35.0596872477768,42752000000
Ireland,IRL,2002,YR2002,33.6857033258711,45796000000
Ireland,IRL,2003,YR2003,32.4979106130552,47303000000
Ireland,IRL,2004,YR2004,30.8786211771815,48215000000
Ireland,IRL,2005,YR2005,30.7550822112428,52350000000
Ireland,IRL,2006,YR2006,26.9960028797033,49959000000
Ireland,IRL,2007,YR2007,26.9198016375913,53111000000
Ireland,IRL,2008,YR2008,46.7708989455968,87783000000
Ireland,IRL,2009,YR2009,66.8668776021357,113476000000
Ireland,IRL,2010,YR2010,83.1961699401188,139041000000
Ireland,IRL,2011,YR2011,110.547621107064,191325000000
Ireland,IRL,2012,YR2012,129.844259831219,228206000000
Ireland,IRL,2013,YR2013,132.363335138087,238531000000
Ireland,IRL,2014,YR2014,122.657642833058,236925000000
Ireland,IRL,2015,YR2015,91.7725413216453,234768000000
Ireland,IRL,2016,YR2016,..,..
Israel,ISR,1960,YR1960,..,..
Israel,ISR,1961,YR1961,..,..
Israel,ISR,1962,YR1962,..,..
Israel,ISR,1963,YR1963,..,..
Israel,ISR,1964,YR1964,..,..
Israel,ISR,1965,YR1965,..,..
Israel,ISR,1966,YR1966,..,..
Israel,ISR,1967,YR1967,..,..
Israel,ISR,1968,YR1968,..,..
Israel,ISR,1969,YR1969,..,..
Israel,ISR,1970,YR1970,..,..
Israel,ISR,1971,YR1971,..,..
Israel,ISR,1972,YR1972,..,..
Israel,ISR,1973,YR1973,..,..
Israel,ISR,1974,YR1974,..,..
Israel,ISR,1975,YR1975,..,..
Israel,ISR,1976,YR1976,..,..
Israel,ISR,1977,YR1977,..,..
Israel,ISR,1978,YR1978,..,..
Israel,ISR,1979,YR1979,..,..
Israel,ISR,1980,YR1980,..,..
Israel,ISR,1981,YR1981,..,..
Israel,ISR,1982,YR1982,..,..
Israel,ISR,1983,YR1983,..,..
Israel,ISR,1984,YR1984,..,..
Israel,ISR,1985,YR1985,..,..
Israel,ISR,1986,YR1986,..,..
Israel,ISR,1987,YR1987,..,..
Israel,ISR,1988,YR1988,..,..
Israel,ISR,1989,YR1989,..,..
Israel,ISR,1990,YR1990,156.096987765343,165199000000
Israel,ISR,1991,YR1991,141.262096220932,190499000000
Israel,ISR,1992,YR1992,137.871126354851,222990000000
Israel,ISR,1993,YR1993,135.504034233077,252818000000
Israel,ISR,1994,YR1994,125.777230521117,282795000000
Israel,ISR,1995,YR1995,104.776837321782,315416000000
Israel,ISR,1996,YR1996,102.951485018524,360707000000
Israel,ISR,1997,YR1997,97.422476892394,384924000000
Israel,ISR,1998,YR1998,98.2878081581841,432659000000
Israel,ISR,1999,YR1999,91.4080919327981,443534000000
Israel,ISR,2000,YR2000,..,..
Israel,ISR,2001,YR2001,..,..
Israel,ISR,2002,YR2002,..,..
Israel,ISR,2003,YR2003,..,..
Israel,ISR,2004,YR2004,..,..
Israel,ISR,2005,YR2005,..,..
Israel,ISR,2006,YR2006,..,..
Israel,ISR,2007,YR2007,..,..
Israel,ISR,2008,YR2008,..,..
Israel,ISR,2009,YR2009,..,..
Israel,ISR,2010,YR2010,..,..
Israel,ISR,2011,YR2011,..,..
Israel,ISR,2012,YR2012,..,..
Israel,ISR,2013,YR2013,..,..
Israel,ISR,2014,YR2014,..,..
Israel,ISR,2015,YR2015,..,..
Israel,ISR,2016,YR2016,..,..
Italy,ITA,1960,YR1960,..,..
Italy,ITA,1961,YR1961,..,..
Italy,ITA,1962,YR1962,..,..
Italy,ITA,1963,YR1963,..,..
Italy,ITA,1964,YR1964,..,..
Italy,ITA,1965,YR1965,..,..
Italy,ITA,1966,YR1966,..,..
Italy,ITA,1967,YR1967,..,..
Italy,ITA,1968,YR1968,..,..
Italy,ITA,1969,YR1969,..,..
Italy,ITA,1970,YR1970,..,..
Italy,ITA,1971,YR1971,..,..
Italy,ITA,1972,YR1972,..,..
Italy,ITA,1973,YR1973,..,..
Italy,ITA,1974,YR1974,..,..
Italy,ITA,1975,YR1975,..,..
Italy,ITA,1976,YR1976,..,..
Italy,ITA,1977,YR1977,..,..
Italy,ITA,1978,YR1978,..,..
Italy,ITA,1979,YR1979,..,..
Italy,ITA,1980,YR1980,..,..
Italy,ITA,1981,YR1981,..,..
Italy,ITA,1982,YR1982,..,..
Italy,ITA,1983,YR1983,..,..
Italy,ITA,1984,YR1984,..,..
Italy,ITA,1985,YR1985,..,..
Italy,ITA,1986,YR1986,..,..
Italy,ITA,1987,YR1987,..,..
Italy,ITA,1988,YR1988,..,..
Italy,ITA,1989,YR1989,..,..
Italy,ITA,1990,YR1990,..,..
Italy,ITA,1991,YR1991,71.659462435417,570279971284.996
Italy,ITA,1992,YR1992,77.720024488216,650913870482.939
Italy,ITA,1993,YR1993,..,..
Italy,ITA,1994,YR1994,..,..
Italy,ITA,1995,YR1995,120.109637969144,1183060000000
Italy,ITA,1996,YR1996,126.222698633117,1316611000000
Italy,ITA,1997,YR1997,127.499978487097,1389583000000
Italy,ITA,1998,YR1998,128.869807911431,1463316000000
Italy,ITA,1999,YR1999,118.541289707967,1389187000000
Italy,ITA,2000,YR2000,113.419768492801,1405573000000
Italy,ITA,2001,YR2001,112.219263408498,1457605000000
Italy,ITA,2002,YR2002,110.394885020746,1485688000000
Italy,ITA,2003,YR2003,106.574588111646,1482143000000
Italy,ITA,2004,YR2004,108.052975651046,1564999000000
Italy,ITA,2005,YR2005,109.826410359185,1636112000000
Italy,ITA,2006,YR2006,106.210604748371,1644643000000
Italy,ITA,2007,YR2007,101.321128834075,1630815000000
Italy,ITA,2008,YR2008,104.614289716577,1707463000000
Italy,ITA,2009,YR2009,116.185341266696,1827454000000
Italy,ITA,2010,YR2010,114.788054424036,1841791000000
Italy,ITA,2011,YR2011,108.525570707553,1777066000000
Italy,ITA,2012,YR2012,127.243388077125,2052773000000
Italy,ITA,2013,YR2013,135.155881110731,2168710000000
Italy,ITA,2014,YR2014,148.978512506728,2416174000000
Italy,ITA,2015,YR2015,150.387850199482,2474541000000
Italy,ITA,2016,YR2016,..,..
Japan,JPN,1960,YR1960,..,..
Japan,JPN,1961,YR1961,..,..
Japan,JPN,1962,YR1962,..,..
Japan,JPN,1963,YR1963,..,..
Japan,JPN,1964,YR1964,..,..
Japan,JPN,1965,YR1965,..,..
Japan,JPN,1966,YR1966,..,..
Japan,JPN,1967,YR1967,..,..
Japan,JPN,1968,YR1968,..,..
Japan,JPN,1969,YR1969,..,..
Japan,JPN,1970,YR1970,..,..
Japan,JPN,1971,YR1971,..,..
Japan,JPN,1972,YR1972,..,..
Japan,JPN,1973,YR1973,..,..
Japan,JPN,1974,YR1974,..,..
Japan,JPN,1975,YR1975,..,..
Japan,JPN,1976,YR1976,..,..
Japan,JPN,1977,YR1977,..,..
Japan,JPN,1978,YR1978,..,..
Japan,JPN,1979,YR1979,..,..
Japan,JPN,1980,YR1980,..,..
Japan,JPN,1981,YR1981,..,..
Japan,JPN,1982,YR1982,..,..
Japan,JPN,1983,YR1983,..,..
Japan,JPN,1984,YR1984,..,..
Japan,JPN,1985,YR1985,..,..
Japan,JPN,1986,YR1986,..,..
Japan,JPN,1987,YR1987,..,..
Japan,JPN,1988,YR1988,..,..
Japan,JPN,1989,YR1989,..,..
Japan,JPN,1990,YR1990,52.7735116708773,239932000000000
Japan,JPN,1991,YR1991,38.9222511966336,187605000000000
Japan,JPN,1992,YR1992,39.742354778064,196194000000000
Japan,JPN,1993,YR1993,42.7795201260474,212474000000000
Japan,JPN,1994,YR1994,56.1732846802942,281730200000000
Japan,JPN,1995,YR1995,62.776004371937,321753200000000
Japan,JPN,1996,YR1996,66.6246677249766,350317100000000
Japan,JPN,1997,YR1997,74.5805660474499,398366500000000
Japan,JPN,1998,YR1998,82.1894839497618,433859300000000
Japan,JPN,1999,YR1999,93.2380875039786,484513400000000
Japan,JPN,2000,YR2000,102.390517670199,539297000000000
Japan,JPN,2001,YR2001,106.44915440579,556734400000000
Japan,JPN,2002,YR2002,115.94701563724,598270600000000
Japan,JPN,2003,YR2003,125.936092054202,649075500000000
Japan,JPN,2004,YR2004,131.462070225777,684871900000000
Japan,JPN,2005,YR2005,131.573887381213,689621900000000
Japan,JPN,2006,YR2006,131.622968203178,693494700000000
Japan,JPN,2007,YR2007,134.821329493489,716829100000000
Japan,JPN,2008,YR2008,139.797935802589,727949800000000
Japan,JPN,2009,YR2009,158.415549712871,775445700000000
Japan,JPN,2010,YR2010,161.596402066617,808553900000000
Japan,JPN,2011,YR2011,177.487792742698,872190100000000
Japan,JPN,2012,YR2012,185.12372382905,916283200000000
Japan,JPN,2013,YR2013,187.416321459149,943033200000000
Japan,JPN,2014,YR2014,193.433476478398,993663900000000
Japan,JPN,2015,YR2015,197.952860566828,1.0502294E+15
Japan,JPN,2016,YR2016,..,..
"Korea, Rep.",KOR,1960,YR1960,..,..
"Korea, Rep.",KOR,1961,YR1961,..,..
"Korea, Rep.",KOR,1962,YR1962,..,..
"Korea, Rep.",KOR,1963,YR1963,..,..
"Korea, Rep.",KOR,1964,YR1964,..,..
"Korea, Rep.",KOR,1965,YR1965,..,..
"Korea, Rep.",KOR,1966,YR1966,..,..
"Korea, Rep.",KOR,1967,YR1967,..,..
"Korea, Rep.",KOR,1968,YR1968,..,..
"Korea, Rep.",KOR,1969,YR1969,..,..
"Korea, Rep.",KOR,1970,YR1970,..,..
"Korea, Rep.",KOR,1971,YR1971,..,..
"Korea, Rep.",KOR,1972,YR1972,..,..
"Korea, Rep.",KOR,1973,YR1973,..,..
"Korea, Rep.",KOR,1974,YR1974,..,..
"Korea, Rep.",KOR,1975,YR1975,..,..
"Korea, Rep.",KOR,1976,YR1976,..,..
"Korea, Rep.",KOR,1977,YR1977,..,..
"Korea, Rep.",KOR,1978,YR1978,..,..
"Korea, Rep.",KOR,1979,YR1979,..,..
"Korea, Rep.",KOR,1980,YR1980,..,..
"Korea, Rep.",KOR,1981,YR1981,..,..
"Korea, Rep.",KOR,1982,YR1982,..,..
"Korea, Rep.",KOR,1983,YR1983,..,..
"Korea, Rep.",KOR,1984,YR1984,..,..
"Korea, Rep.",KOR,1985,YR1985,..,..
"Korea, Rep.",KOR,1986,YR1986,..,..
"Korea, Rep.",KOR,1987,YR1987,..,..
"Korea, Rep.",KOR,1988,YR1988,..,..
"Korea, Rep.",KOR,1989,YR1989,..,..
"Korea, Rep.",KOR,1990,YR1990,7.54985906289088,14927000000000
"Korea, Rep.",KOR,1991,YR1991,10.3973924677617,24837000000000
"Korea, Rep.",KOR,1992,YR1992,10.150131336559,27737000000000
"Korea, Rep.",KOR,1993,YR1993,9.35197019289285,28998000000000
"Korea, Rep.",KOR,1994,YR1994,8.32281121211012,30466000000000
"Korea, Rep.",KOR,1995,YR1995,7.35253146746848,31537000000000
"Korea, Rep.",KOR,1996,YR1996,7.0014848044481,33687000000000
"Korea, Rep.",KOR,1997,YR1997,8.87060568446589,47045000000000
"Korea, Rep.",KOR,1998,YR1998,..,..
"Korea, Rep.",KOR,1999,YR1999,..,..
"Korea, Rep.",KOR,2000,YR2000,..,..
"Korea, Rep.",KOR,2001,YR2001,..,..
"Korea, Rep.",KOR,2002,YR2002,..,..
"Korea, Rep.",KOR,2003,YR2003,..,..
"Korea, Rep.",KOR,2004,YR2004,..,..
"Korea, Rep.",KOR,2005,YR2005,..,..
"Korea, Rep.",KOR,2006,YR2006,..,..
"Korea, Rep.",KOR,2007,YR2007,..,..
"Korea, Rep.",KOR,2008,YR2008,..,..
"Korea, Rep.",KOR,2009,YR2009,..,..
"Korea, Rep.",KOR,2010,YR2010,..,..
"Korea, Rep.",KOR,2011,YR2011,..,..
"Korea, Rep.",KOR,2012,YR2012,33.8831703384941,466726000000000
"Korea, Rep.",KOR,2013,YR2013,36.6739436147754,524234000000000
"Korea, Rep.",KOR,2014,YR2014,38.3878017121372,570473174969116
"Korea, Rep.",KOR,2015,YR2015,39.7437106767763,621640877442310
"Korea, Rep.",KOR,2016,YR2016,..,..
Latvia,LVA,1960,YR1960,..,..
Latvia,LVA,1961,YR1961,..,..
Latvia,LVA,1962,YR1962,..,..
Latvia,LVA,1963,YR1963,..,..
Latvia,LVA,1964,YR1964,..,..
Latvia,LVA,1965,YR1965,..,..
Latvia,LVA,1966,YR1966,..,..
Latvia,LVA,1967,YR1967,..,..
Latvia,LVA,1968,YR1968,..,..
Latvia,LVA,1969,YR1969,..,..
Latvia,LVA,1970,YR1970,..,..
Latvia,LVA,1971,YR1971,..,..
Latvia,LVA,1972,YR1972,..,..
Latvia,LVA,1973,YR1973,..,..
Latvia,LVA,1974,YR1974,..,..
Latvia,LVA,1975,YR1975,..,..
Latvia,LVA,1976,YR1976,..,..
Latvia,LVA,1977,YR1977,..,..
Latvia,LVA,1978,YR1978,..,..
Latvia,LVA,1979,YR1979,..,..
Latvia,LVA,1980,YR1980,..,..
Latvia,LVA,1981,YR1981,..,..
Latvia,LVA,1982,YR1982,..,..
Latvia,LVA,1983,YR1983,..,..
Latvia,LVA,1984,YR1984,..,..
Latvia,LVA,1985,YR1985,..,..
Latvia,LVA,1986,YR1986,..,..
Latvia,LVA,1987,YR1987,..,..
Latvia,LVA,1988,YR1988,..,..
Latvia,LVA,1989,YR1989,..,..
Latvia,LVA,1990,YR1990,..,..
Latvia,LVA,1991,YR1991,..,..
Latvia,LVA,1992,YR1992,..,..
Latvia,LVA,1993,YR1993,..,..
Latvia,LVA,1994,YR1994,..,325225809.756347
Latvia,LVA,1995,YR1995,..,..
Latvia,LVA,1996,YR1996,..,..
Latvia,LVA,1997,YR1997,..,..
Latvia,LVA,1998,YR1998,15.8125877820581,952228501.829813
Latvia,LVA,1999,YR1999,19.1589105419314,1201672158.95186
Latvia,LVA,2000,YR2000,19.3990605288675,1328891127.54054
Latvia,LVA,2001,YR2001,21.526609510531,1605910040.35264
Latvia,LVA,2002,YR2002,21.4197104743303,1798623798.38476
Latvia,LVA,2003,YR2003,22.4078100883182,2140539894.47983
Latvia,LVA,2004,YR2004,23.9805239849922,2649543827.29751
Latvia,LVA,2005,YR2005,20.8220033318481,2831216100.07911
Latvia,LVA,2006,YR2006,21.7942013188202,3727212707.95272
Latvia,LVA,2007,YR2007,21.6917917142987,4900612404.0273
Latvia,LVA,2008,YR2008,37.0991940605399,9034111928.78811
Latvia,LVA,2009,YR2009,62.2094182959434,11711913990.2448
Latvia,LVA,2010,YR2010,74.9757996856496,13449069726.4102
Latvia,LVA,2011,YR2011,65.6337571634741,13325464852.2205
Latvia,LVA,2012,YR2012,62.4385602873645,13665061667.2643
Latvia,LVA,2013,YR2013,59.1422159992518,13476445780.0468
Latvia,LVA,2014,YR2014,63.2792388343513,14953614378.9734
Latvia,LVA,2015,YR2015,56.8605250210532,13855925691.9426
Latvia,LVA,2016,YR2016,..,..
Luxembourg,LUX,1960,YR1960,..,..
Luxembourg,LUX,1961,YR1961,..,..
Luxembourg,LUX,1962,YR1962,..,..
Luxembourg,LUX,1963,YR1963,..,..
Luxembourg,LUX,1964,YR1964,..,..
Luxembourg,LUX,1965,YR1965,..,..
Luxembourg,LUX,1966,YR1966,..,..
Luxembourg,LUX,1967,YR1967,..,..
Luxembourg,LUX,1968,YR1968,..,..
Luxembourg,LUX,1969,YR1969,..,..
Luxembourg,LUX,1970,YR1970,..,..
Luxembourg,LUX,1971,YR1971,..,..
Luxembourg,LUX,1972,YR1972,..,..
Luxembourg,LUX,1973,YR1973,..,..
Luxembourg,LUX,1974,YR1974,..,..
Luxembourg,LUX,1975,YR1975,..,..
Luxembourg,LUX,1976,YR1976,..,..
Luxembourg,LUX,1977,YR1977,..,..
Luxembourg,LUX,1978,YR1978,..,..
Luxembourg,LUX,1979,YR1979,..,..
Luxembourg,LUX,1980,YR1980,..,..
Luxembourg,LUX,1981,YR1981,..,..
Luxembourg,LUX,1982,YR1982,..,..
Luxembourg,LUX,1983,YR1983,..,..
Luxembourg,LUX,1984,YR1984,..,..
Luxembourg,LUX,1985,YR1985,..,..
Luxembourg,LUX,1986,YR1986,..,..
Luxembourg,LUX,1987,YR1987,..,..
Luxembourg,LUX,1988,YR1988,..,..
Luxembourg,LUX,1989,YR1989,..,..
Luxembourg,LUX,1990,YR1990,2.43434946546257,266783011.36096
Luxembourg,LUX,1991,YR1991,1.88995376231467,229127984.947905
Luxembourg,LUX,1992,YR1992,2.53287319181684,324319098.460829
Luxembourg,LUX,1993,YR1993,2.80255434132565,396257799.350023
Luxembourg,LUX,1994,YR1994,..,..
Luxembourg,LUX,1995,YR1995,..,..
Luxembourg,LUX,1996,YR1996,..,..
Luxembourg,LUX,1997,YR1997,4.38128082100711,766647909.389959
Luxembourg,LUX,1998,YR1998,..,..
Luxembourg,LUX,1999,YR1999,..,..
Luxembourg,LUX,2000,YR2000,4.98993644849782,1151648340.78253
Luxembourg,LUX,2001,YR2001,4.63480412448637,1101782299.41393
Luxembourg,LUX,2002,YR2002,4.49363061398914,1127663615.9881
Luxembourg,LUX,2003,YR2003,3.79677767668148,994292164.736224
Luxembourg,LUX,2004,YR2004,3.98587082328337,1113473980.16474
Luxembourg,LUX,2005,YR2005,3.63891556053493,1092804187.55047
Luxembourg,LUX,2006,YR2006,4.36800545111279,1476754720.53647
Luxembourg,LUX,2007,YR2007,4.62948746506479,1721191172.59761
Luxembourg,LUX,2008,YR2008,12.138863080768,4628376242.22974
Luxembourg,LUX,2009,YR2009,12.9773238561073,4798562361.79858
Luxembourg,LUX,2010,YR2010,17.892412750102,7188779957
Luxembourg,LUX,2011,YR2011,17.2500162389505,7445908444.48548
Luxembourg,LUX,2012,YR2012,29.987663677041,13228186689.4968
Luxembourg,LUX,2013,YR2013,30.0082086604151,13969240346.0982
Luxembourg,LUX,2014,YR2014,31.3764562611988,15679093189.1235
Luxembourg,LUX,2015,YR2015,30.4070615441722,15914970264.3062
Luxembourg,LUX,2016,YR2016,..,..
Netherlands,NLD,1960,YR1960,..,..
Netherlands,NLD,1961,YR1961,..,..
Netherlands,NLD,1962,YR1962,..,..
Netherlands,NLD,1963,YR1963,..,..
Netherlands,NLD,1964,YR1964,..,..
Netherlands,NLD,1965,YR1965,..,..
Netherlands,NLD,1966,YR1966,..,..
Netherlands,NLD,1967,YR1967,..,..
Netherlands,NLD,1968,YR1968,..,..
Netherlands,NLD,1969,YR1969,..,..
Netherlands,NLD,1970,YR1970,..,..
Netherlands,NLD,1971,YR1971,..,..
Netherlands,NLD,1972,YR1972,..,..
Netherlands,NLD,1973,YR1973,..,..
Netherlands,NLD,1974,YR1974,..,..
Netherlands,NLD,1975,YR1975,..,..
Netherlands,NLD,1976,YR1976,..,..
Netherlands,NLD,1977,YR1977,..,..
Netherlands,NLD,1978,YR1978,..,..
Netherlands,NLD,1979,YR1979,..,..
Netherlands,NLD,1980,YR1980,..,..
Netherlands,NLD,1981,YR1981,..,..
Netherlands,NLD,1982,YR1982,..,..
Netherlands,NLD,1983,YR1983,..,..
Netherlands,NLD,1984,YR1984,..,..
Netherlands,NLD,1985,YR1985,..,..
Netherlands,NLD,1986,YR1986,..,..
Netherlands,NLD,1987,YR1987,..,..
Netherlands,NLD,1988,YR1988,..,..
Netherlands,NLD,1989,YR1989,..,..
Netherlands,NLD,1990,YR1990,55.5116716187006,144152361245.354
Netherlands,NLD,1991,YR1991,56.0043438217052,153622754355.156
Netherlands,NLD,1992,YR1992,56.8138455956962,162457855162.431
Netherlands,NLD,1993,YR1993,57.2622241487492,168447754014.82
Netherlands,NLD,1994,YR1994,54.9963598145135,170008757958.171
Netherlands,NLD,1995,YR1995,68.4521778687593,222703000000
Netherlands,NLD,1996,YR1996,67.8118511045154,231214000000
Netherlands,NLD,1997,YR1997,63.8098317354457,232881000000
Netherlands,NLD,1998,YR1998,62.9359259211692,245019000000
Netherlands,NLD,1999,YR1999,55.0405218422613,228329000000
Netherlands,NLD,2000,YR2000,49.296635949123,220879000000
Netherlands,NLD,2001,YR2001,46.0666756171648,219598000000
Netherlands,NLD,2002,YR2002,47.1250816479643,233034000000
Netherlands,NLD,2003,YR2003,48.2709687351358,244575000000
Netherlands,NLD,2004,YR2004,48.8085445061353,255727000000
Netherlands,NLD,2005,YR2005,48.2864102315028,263455000000
Netherlands,NLD,2006,YR2006,42.7102684336651,247383000000
Netherlands,NLD,2007,YR2007,40.2341507957214,246748000000
Netherlands,NLD,2008,YR2008,52.8585040122786,337852000000
Netherlands,NLD,2009,YR2009,55.1502736664831,340575000000
Netherlands,NLD,2010,YR2010,58.7725965619022,371156000000
Netherlands,NLD,2011,YR2011,62.9315212099625,404605000000
Netherlands,NLD,2012,YR2012,68.4982423073823,441926000000
Netherlands,NLD,2013,YR2013,68.3133460385938,445914000000
Netherlands,NLD,2014,YR2014,73.4283749215696,486836000000
Netherlands,NLD,2015,YR2015,70.5740017826234,477455000000
Netherlands,NLD,2016,YR2016,..,..
Norway,NOR,1960,YR1960,..,..
Norway,NOR,1961,YR1961,..,..
Norway,NOR,1962,YR1962,..,..
Norway,NOR,1963,YR1963,..,..
Norway,NOR,1964,YR1964,..,..
Norway,NOR,1965,YR1965,..,..
Norway,NOR,1966,YR1966,..,..
Norway,NOR,1967,YR1967,..,..
Norway,NOR,1968,YR1968,..,..
Norway,NOR,1969,YR1969,..,..
Norway,NOR,1970,YR1970,..,..
Norway,NOR,1971,YR1971,..,..
Norway,NOR,1972,YR1972,..,..
Norway,NOR,1973,YR1973,..,..
Norway,NOR,1974,YR1974,..,..
Norway,NOR,1975,YR1975,..,..
Norway,NOR,1976,YR1976,..,..
Norway,NOR,1977,YR1977,..,..
Norway,NOR,1978,YR1978,..,..
Norway,NOR,1979,YR1979,..,..
Norway,NOR,1980,YR1980,..,..
Norway,NOR,1981,YR1981,..,..
Norway,NOR,1982,YR1982,..,..
Norway,NOR,1983,YR1983,..,..
Norway,NOR,1984,YR1984,..,..
Norway,NOR,1985,YR1985,..,..
Norway,NOR,1986,YR1986,..,..
Norway,NOR,1987,YR1987,..,..
Norway,NOR,1988,YR1988,..,..
Norway,NOR,1989,YR1989,..,..
Norway,NOR,1990,YR1990,19.8470381137812,148825000000
Norway,NOR,1991,YR1991,18.5942813892647,146911000000
Norway,NOR,1992,YR1992,22.342831631806,181668000000
Norway,NOR,1993,YR1993,31.5607902735562,269971000000
Norway,NOR,1994,YR1994,30.751981347305,275920000000
Norway,NOR,1995,YR1995,..,..
Norway,NOR,1996,YR1996,..,..
Norway,NOR,1997,YR1997,..,..
Norway,NOR,1998,YR1998,..,..
Norway,NOR,1999,YR1999,..,..
Norway,NOR,2000,YR2000,22.9732884316188,346411000000
Norway,NOR,2001,YR2001,19.6164478120396,306916000000
Norway,NOR,2002,YR2002,28.5234213209878,445017000000
Norway,NOR,2003,YR2003,37.1150392099841,601120000000
Norway,NOR,2004,YR2004,38.6969894740741,689573000000
Norway,NOR,2005,YR2005,36.2427360878296,720847000000
Norway,NOR,2006,YR2006,47.3822648909048,1049665000000
Norway,NOR,2007,YR2007,44.8808248658112,1054637000000
Norway,NOR,2008,YR2008,43.4670566289754,1132482000000
Norway,NOR,2009,YR2009,35.2456972018745,856364000000
Norway,NOR,2010,YR2010,35.1601817543721,910680000000
Norway,NOR,2011,YR2011,20.400483815567,569576000000
Norway,NOR,2012,YR2012,21.4173508232812,635069000000
Norway,NOR,2013,YR2013,21.4643841655883,659200000000
Norway,NOR,2014,YR2014,18.3750900769368,577046000000
Norway,NOR,2015,YR2015,22.8814219904646,713313000000
Norway,NOR,2016,YR2016,..,..
Poland,POL,1960,YR1960,..,..
Poland,POL,1961,YR1961,..,..
Poland,POL,1962,YR1962,..,..
Poland,POL,1963,YR1963,..,..
Poland,POL,1964,YR1964,..,..
Poland,POL,1965,YR1965,..,..
Poland,POL,1966,YR1966,..,..
Poland,POL,1967,YR1967,..,..
Poland,POL,1968,YR1968,..,..
Poland,POL,1969,YR1969,..,..
Poland,POL,1970,YR1970,..,..
Poland,POL,1971,YR1971,..,..
Poland,POL,1972,YR1972,..,..
Poland,POL,1973,YR1973,..,..
Poland,POL,1974,YR1974,..,..
Poland,POL,1975,YR1975,..,..
Poland,POL,1976,YR1976,..,..
Poland,POL,1977,YR1977,..,..
Poland,POL,1978,YR1978,..,..
Poland,POL,1979,YR1979,..,..
Poland,POL,1980,YR1980,..,..
Poland,POL,1981,YR1981,..,..
Poland,POL,1982,YR1982,..,..
Poland,POL,1983,YR1983,..,..
Poland,POL,1984,YR1984,..,..
Poland,POL,1985,YR1985,..,..
Poland,POL,1986,YR1986,..,..
Poland,POL,1987,YR1987,..,..
Poland,POL,1988,YR1988,..,..
Poland,POL,1989,YR1989,..,..
Poland,POL,1990,YR1990,..,..
Poland,POL,1991,YR1991,..,..
Poland,POL,1992,YR1992,..,..
Poland,POL,1993,YR1993,..,..
Poland,POL,1994,YR1994,60.4543984704576,152238000000
Poland,POL,1995,YR1995,..,..
Poland,POL,1996,YR1996,..,..
Poland,POL,1997,YR1997,..,..
Poland,POL,1998,YR1998,41.3716920020658,250741000000
Poland,POL,1999,YR1999,42.5494625620278,286480000000
Poland,POL,2000,YR2000,40.6200805320254,303445000000
Poland,POL,2001,YR2001,40.0915413955575,312704000000
Poland,POL,2002,YR2002,46.5217235759921,377113000000
Poland,POL,2003,YR2003,50.0346364356389,423258000000
Poland,POL,2004,YR2004,49.0537606289829,457702000000
Poland,POL,2005,YR2005,50.0924815339819,496150000000
Poland,POL,2006,YR2006,50.6125306592486,541465000000
Poland,POL,2007,YR2007,47.6568387637304,565975000000
Poland,POL,2008,YR2008,50.2472262374725,646214000000
Poland,POL,2009,YR2009,52.3545264274804,718413000000
Poland,POL,2010,YR2010,55.4528930731884,801459000000
Poland,POL,2011,YR2011,56.3185906678078,882407000000
Poland,POL,2012,YR2012,56.1870930997575,915508000000
Poland,POL,2013,YR2013,57.85343442525,958540000000
Poland,POL,2014,YR2014,53.0187753241255,911766000000
Poland,POL,2015,YR2015,53.3315067183676,959605000000
Poland,POL,2016,YR2016,..,..
Portugal,PRT,1960,YR1960,..,..
Portugal,PRT,1961,YR1961,..,..
Portugal,PRT,1962,YR1962,..,..
Portugal,PRT,1963,YR1963,..,..
Portugal,PRT,1964,YR1964,..,..
Portugal,PRT,1965,YR1965,..,..
Portugal,PRT,1966,YR1966,..,..
Portugal,PRT,1967,YR1967,..,..
Portugal,PRT,1968,YR1968,..,..
Portugal,PRT,1969,YR1969,..,..
Portugal,PRT,1970,YR1970,..,..
Portugal,PRT,1971,YR1971,..,..
Portugal,PRT,1972,YR1972,..,..
Portugal,PRT,1973,YR1973,..,..
Portugal,PRT,1974,YR1974,..,..
Portugal,PRT,1975,YR1975,..,..
Portugal,PRT,1976,YR1976,..,..
Portugal,PRT,1977,YR1977,..,..
Portugal,PRT,1978,YR1978,..,..
Portugal,PRT,1979,YR1979,..,..
Portugal,PRT,1980,YR1980,..,..
Portugal,PRT,1981,YR1981,..,..
Portugal,PRT,1982,YR1982,..,..
Portugal,PRT,1983,YR1983,..,..
Portugal,PRT,1984,YR1984,..,..
Portugal,PRT,1985,YR1985,..,..
Portugal,PRT,1986,YR1986,..,..
Portugal,PRT,1987,YR1987,..,..
Portugal,PRT,1988,YR1988,..,..
Portugal,PRT,1989,YR1989,..,..
Portugal,PRT,1990,YR1990,..,..
Portugal,PRT,1991,YR1991,..,..
Portugal,PRT,1992,YR1992,..,..
Portugal,PRT,1993,YR1993,8.24492619665797,6283855907.2635
Portugal,PRT,1994,YR1994,5.65684778926255,4669745912.35123
Portugal,PRT,1995,YR1995,..,..
Portugal,PRT,1996,YR1996,..,..
Portugal,PRT,1997,YR1997,..,..
Portugal,PRT,1998,YR1998,63.9179488059777,71195130000
Portugal,PRT,1999,YR1999,61.5323355535735,73616770000
Portugal,PRT,2000,YR2000,60.9053868249733,78242900000
Portugal,PRT,2001,YR2001,61.7498050211061,83873230000
Portugal,PRT,2002,YR2002,64.9374618132861,92621220000
Portugal,PRT,2003,YR2003,68.5154149703065,100140950000
Portugal,PRT,2004,YR2004,74.0501826712258,112831420000
Portugal,PRT,2005,YR2005,77.1213340466825,122354970000
Portugal,PRT,2006,YR2006,76.7491586325945,127594490000
Portugal,PRT,2007,YR2007,75.2311093213802,132006310000
Portugal,PRT,2008,YR2008,80.1829259668203,143425270000
Portugal,PRT,2009,YR2009,92.8815509581489,162959000000
Portugal,PRT,2010,YR2010,100.248490227956,180376920000
Portugal,PRT,2011,YR2011,102.721379988433,180960740000
Portugal,PRT,2012,YR2012,135.310586792172,227860280000
Portugal,PRT,2013,YR2013,139.493486105105,237514620000
Portugal,PRT,2014,YR2014,151.823829867802,262775250000
Portugal,PRT,2015,YR2015,150.273281426991,269747050000
Portugal,PRT,2016,YR2016,..,..
Slovak Republic,SVK,1960,YR1960,..,..
Slovak Republic,SVK,1961,YR1961,..,..
Slovak Republic,SVK,1962,YR1962,..,..
Slovak Republic,SVK,1963,YR1963,..,..
Slovak Republic,SVK,1964,YR1964,..,..
Slovak Republic,SVK,1965,YR1965,..,..
Slovak Republic,SVK,1966,YR1966,..,..
Slovak Republic,SVK,1967,YR1967,..,..
Slovak Republic,SVK,1968,YR1968,..,..
Slovak Republic,SVK,1969,YR1969,..,..
Slovak Republic,SVK,1970,YR1970,..,..
Slovak Republic,SVK,1971,YR1971,..,..
Slovak Republic,SVK,1972,YR1972,..,..
Slovak Republic,SVK,1973,YR1973,..,..
Slovak Republic,SVK,1974,YR1974,..,..
Slovak Republic,SVK,1975,YR1975,..,..
Slovak Republic,SVK,1976,YR1976,..,..
Slovak Republic,SVK,1977,YR1977,..,..
Slovak Republic,SVK,1978,YR1978,..,..
Slovak Republic,SVK,1979,YR1979,..,..
Slovak Republic,SVK,1980,YR1980,..,..
Slovak Republic,SVK,1981,YR1981,..,..
Slovak Republic,SVK,1982,YR1982,..,..
Slovak Republic,SVK,1983,YR1983,..,..
Slovak Republic,SVK,1984,YR1984,..,..
Slovak Republic,SVK,1985,YR1985,..,..
Slovak Republic,SVK,1986,YR1986,..,..
Slovak Republic,SVK,1987,YR1987,..,..
Slovak Republic,SVK,1988,YR1988,..,..
Slovak Republic,SVK,1989,YR1989,..,..
Slovak Republic,SVK,1990,YR1990,..,..
Slovak Republic,SVK,1991,YR1991,..,..
Slovak Republic,SVK,1992,YR1992,..,..
Slovak Republic,SVK,1993,YR1993,..,..
Slovak Republic,SVK,1994,YR1994,..,..
Slovak Republic,SVK,1995,YR1995,..,..
Slovak Republic,SVK,1996,YR1996,..,..
Slovak Republic,SVK,1997,YR1997,..,..
Slovak Republic,SVK,1998,YR1998,36.6266973741764,9766162000
Slovak Republic,SVK,1999,YR1999,46.9416020094713,13400705000
Slovak Republic,SVK,2000,YR2000,53.0211143938889,16755354000
Slovak Republic,SVK,2001,YR2001,51.4314138636134,17646438000
Slovak Republic,SVK,2002,YR2002,45.3547415785721,16908176000
Slovak Republic,SVK,2003,YR2003,43.7669852338689,18121434000
Slovak Republic,SVK,2004,YR2004,42.4043676470847,19549061000
Slovak Republic,SVK,2005,YR2005,37.0605631345471,18684117000
Slovak Republic,SVK,2006,YR2006,35.2304111199449,19825087000
Slovak Republic,SVK,2007,YR2007,33.7073964771907,21253822000
Slovak Republic,SVK,2008,YR2008,32.7525323790327,22432741000
Slovak Republic,SVK,2009,YR2009,40.1947557615216,25733913000
Slovak Republic,SVK,2010,YR2010,44.4299466412443,30024553000
Slovak Republic,SVK,2011,YR2011,47.3186939791827,33419871000
Slovak Republic,SVK,2012,YR2012,55.9787846840358,40698543000
Slovak Republic,SVK,2013,YR2013,58.6965141493501,43535130000
Slovak Republic,SVK,2014,YR2014,58.0022394490301,44050589000
Slovak Republic,SVK,2015,YR2015,56.5875655431169,44526270000
Slovak Republic,SVK,2016,YR2016,..,..
Slovenia,SVN,1960,YR1960,..,..
Slovenia,SVN,1961,YR1961,..,..
Slovenia,SVN,1962,YR1962,..,..
Slovenia,SVN,1963,YR1963,..,..
Slovenia,SVN,1964,YR1964,..,..
Slovenia,SVN,1965,YR1965,..,..
Slovenia,SVN,1966,YR1966,..,..
Slovenia,SVN,1967,YR1967,..,..
Slovenia,SVN,1968,YR1968,..,..
Slovenia,SVN,1969,YR1969,..,..
Slovenia,SVN,1970,YR1970,..,..
Slovenia,SVN,1971,YR1971,..,..
Slovenia,SVN,1972,YR1972,..,..
Slovenia,SVN,1973,YR1973,..,..
Slovenia,SVN,1974,YR1974,..,..
Slovenia,SVN,1975,YR1975,..,..
Slovenia,SVN,1976,YR1976,..,..
Slovenia,SVN,1977,YR1977,..,..
Slovenia,SVN,1978,YR1978,..,..
Slovenia,SVN,1979,YR1979,..,..
Slovenia,SVN,1980,YR1980,..,..
Slovenia,SVN,1981,YR1981,..,..
Slovenia,SVN,1982,YR1982,..,..
Slovenia,SVN,1983,YR1983,..,..
Slovenia,SVN,1984,YR1984,..,..
Slovenia,SVN,1985,YR1985,..,..
Slovenia,SVN,1986,YR1986,..,..
Slovenia,SVN,1987,YR1987,..,..
Slovenia,SVN,1988,YR1988,..,..
Slovenia,SVN,1989,YR1989,..,..
Slovenia,SVN,1990,YR1990,..,..
Slovenia,SVN,1991,YR1991,..,..
Slovenia,SVN,1992,YR1992,..,..
Slovenia,SVN,1993,YR1993,..,1264813887.49791
Slovenia,SVN,1994,YR1994,..,1431313637.12235
Slovenia,SVN,1995,YR1995,..,..
Slovenia,SVN,1996,YR1996,..,..
Slovenia,SVN,1997,YR1997,..,..
Slovenia,SVN,1998,YR1998,..,..
Slovenia,SVN,1999,YR1999,..,..
Slovenia,SVN,2000,YR2000,..,..
Slovenia,SVN,2001,YR2001,..,..
Slovenia,SVN,2002,YR2002,..,..
Slovenia,SVN,2003,YR2003,..,..
Slovenia,SVN,2004,YR2004,32.9240387130152,9110970000
Slovenia,SVN,2005,YR2005,32.145714593477,9395100000
Slovenia,SVN,2006,YR2006,32.2178329444488,10166460000
Slovenia,SVN,2007,YR2007,27.608291931549,9705030000
Slovenia,SVN,2008,YR2008,26.6659359034592,10120040000
Slovenia,SVN,2009,YR2009,39.9252864883304,14439460000
Slovenia,SVN,2010,YR2010,43.8344943671833,15891070000
Slovenia,SVN,2011,YR2011,47.395022450042,17487010000
Slovenia,SVN,2012,YR2012,57.4988433927589,20701020000
Slovenia,SVN,2013,YR2013,76.3085094821776,27407790000
Slovenia,SVN,2014,YR2014,94.1160907381611,35135790000
Slovenia,SVN,2015,YR2015,94.8999237876784,36602910000
Slovenia,SVN,2016,YR2016,..,..
Spain,ESP,1960,YR1960,..,..
Spain,ESP,1961,YR1961,..,..
Spain,ESP,1962,YR1962,..,..
Spain,ESP,1963,YR1963,..,..
Spain,ESP,1964,YR1964,..,..
Spain,ESP,1965,YR1965,..,..
Spain,ESP,1966,YR1966,..,..
Spain,ESP,1967,YR1967,..,..
Spain,ESP,1968,YR1968,..,..
Spain,ESP,1969,YR1969,..,..
Spain,ESP,1970,YR1970,..,..
Spain,ESP,1971,YR1971,..,..
Spain,ESP,1972,YR1972,..,..
Spain,ESP,1973,YR1973,..,..
Spain,ESP,1974,YR1974,..,..
Spain,ESP,1975,YR1975,..,..
Spain,ESP,1976,YR1976,..,..
Spain,ESP,1977,YR1977,..,..
Spain,ESP,1978,YR1978,..,..
Spain,ESP,1979,YR1979,..,..
Spain,ESP,1980,YR1980,..,..
Spain,ESP,1981,YR1981,..,..
Spain,ESP,1982,YR1982,..,..
Spain,ESP,1983,YR1983,..,..
Spain,ESP,1984,YR1984,..,..
Spain,ESP,1985,YR1985,..,..
Spain,ESP,1986,YR1986,..,..
Spain,ESP,1987,YR1987,..,..
Spain,ESP,1988,YR1988,..,..
Spain,ESP,1989,YR1989,..,..
Spain,ESP,1990,YR1990,35.2280049082219,115478465736.3
Spain,ESP,1991,YR1991,35.2608891486483,126749245729.809
Spain,ESP,1992,YR1992,37.0848594349241,143573377567.824
Spain,ESP,1993,YR1993,46.8260061065145,187556645390.838
Spain,ESP,1994,YR1994,48.2356493032881,205481831404.084
Spain,ESP,1995,YR1995,55.3985418113498,254466000000
Spain,ESP,1996,YR1996,61.0846079443925,298088000000
Spain,ESP,1997,YR1997,60.6768857772141,314336000000
Spain,ESP,1998,YR1998,61.041581685143,338196000000
Spain,ESP,1999,YR1999,55.9459950598671,332496000000
Spain,ESP,2000,YR2000,53.4387620889749,345348000000
Spain,ESP,2001,YR2001,49.1755869672122,343997000000
Spain,ESP,2002,YR2002,47.5428673620824,356233000000
Spain,ESP,2003,YR2003,42.8489107274429,344279000000
Spain,ESP,2004,YR2004,40.9465765828516,352722000000
Spain,ESP,2005,YR2005,37.9585112716347,353229000000
Spain,ESP,2006,YR2006,33.7246794064133,339936000000
Spain,ESP,2007,YR2007,29.7212175716849,321229000000
Spain,ESP,2008,YR2008,33.8680011861599,378037000000
Spain,ESP,2009,YR2009,46.0805683602185,497225000000
Spain,ESP,2010,YR2010,47.940398533462,518194000000
Spain,ESP,2011,YR2011,55.8641384213383,597977000000
Spain,ESP,2012,YR2012,71.6118228388782,744589656913.063
Spain,ESP,2013,YR2013,85.2363728347217,874213220159.67
Spain,ESP,2014,YR2014,98.7321554814349,1023877135381.35
Spain,ESP,2015,YR2015,99.3514273828162,1068662699986.25
Spain,ESP,2016,YR2016,..,..
Sweden,SWE,1960,YR1960,..,..
Sweden,SWE,1961,YR1961,..,..
Sweden,SWE,1962,YR1962,..,..
Sweden,SWE,1963,YR1963,..,..
Sweden,SWE,1964,YR1964,..,..
Sweden,SWE,1965,YR1965,..,..
Sweden,SWE,1966,YR1966,..,..
Sweden,SWE,1967,YR1967,..,..
Sweden,SWE,1968,YR1968,..,..
Sweden,SWE,1969,YR1969,..,..
Sweden,SWE,1970,YR1970,..,..
Sweden,SWE,1971,YR1971,..,..
Sweden,SWE,1972,YR1972,..,..
Sweden,SWE,1973,YR1973,..,..
Sweden,SWE,1974,YR1974,..,..
Sweden,SWE,1975,YR1975,..,..
Sweden,SWE,1976,YR1976,..,..
Sweden,SWE,1977,YR1977,..,..
Sweden,SWE,1978,YR1978,..,..
Sweden,SWE,1979,YR1979,..,..
Sweden,SWE,1980,YR1980,..,..
Sweden,SWE,1981,YR1981,..,..
Sweden,SWE,1982,YR1982,..,..
Sweden,SWE,1983,YR1983,..,..
Sweden,SWE,1984,YR1984,..,..
Sweden,SWE,1985,YR1985,..,..
Sweden,SWE,1986,YR1986,..,..
Sweden,SWE,1987,YR1987,..,..
Sweden,SWE,1988,YR1988,..,..
Sweden,SWE,1989,YR1989,..,..
Sweden,SWE,1990,YR1990,..,..
Sweden,SWE,1991,YR1991,32.4510306276656,530580000000
Sweden,SWE,1992,YR1992,37.1372959772184,606260000000
Sweden,SWE,1993,YR1993,50.6703562933449,828020000000
Sweden,SWE,1994,YR1994,58.2808282118029,1016670000000
Sweden,SWE,1995,YR1995,..,..
Sweden,SWE,1996,YR1996,85.4414927343073,1650751000000
Sweden,SWE,1997,YR1997,87.7618098898557,1772140000000
Sweden,SWE,1998,YR1998,87.6153975626073,1858355000000
Sweden,SWE,1999,YR1999,77.1582060313139,1726688000000
Sweden,SWE,2000,YR2000,69.3032308585515,1649665000000
Sweden,SWE,2001,YR2001,59.6442075274501,1478061000000
Sweden,SWE,2002,YR2002,58.1437003186146,1494221000000
Sweden,SWE,2003,YR2003,56.7900529086301,1520523000000
Sweden,SWE,2004,YR2004,56.193168551022,1576283000000
Sweden,SWE,2005,YR2005,56.4986970961892,1642616000000
Sweden,SWE,2006,YR2006,50.3442794815624,1560210000000
Sweden,SWE,2007,YR2007,44.5083230387865,1467463000000
Sweden,SWE,2008,YR2008,44.3159594745423,1501247000000
Sweden,SWE,2009,YR2009,46.0370642135995,1513933000000
Sweden,SWE,2010,YR2010,42.4056404641599,1492676000000
Sweden,SWE,2011,YR2011,42.9586194957743,1570815000000
Sweden,SWE,2012,YR2012,42.6114850195397,1570148000000
Sweden,SWE,2013,YR2013,44.0450949877039,1660460000000
Sweden,SWE,2014,YR2014,48.2206033265258,1898368000000
Sweden,SWE,2015,YR2015,46.4288490381605,1941238000000
Sweden,SWE,2016,YR2016,..,..
Switzerland,CHE,1960,YR1960,..,..
Switzerland,CHE,1961,YR1961,..,..
Switzerland,CHE,1962,YR1962,..,..
Switzerland,CHE,1963,YR1963,..,..
Switzerland,CHE,1964,YR1964,..,..
Switzerland,CHE,1965,YR1965,..,..
Switzerland,CHE,1966,YR1966,..,..
Switzerland,CHE,1967,YR1967,..,..
Switzerland,CHE,1968,YR1968,..,..
Switzerland,CHE,1969,YR1969,..,..
Switzerland,CHE,1970,YR1970,..,..
Switzerland,CHE,1971,YR1971,..,..
Switzerland,CHE,1972,YR1972,..,..
Switzerland,CHE,1973,YR1973,..,..
Switzerland,CHE,1974,YR1974,..,..
Switzerland,CHE,1975,YR1975,..,..
Switzerland,CHE,1976,YR1976,..,..
Switzerland,CHE,1977,YR1977,..,..
Switzerland,CHE,1978,YR1978,..,..
Switzerland,CHE,1979,YR1979,..,..
Switzerland,CHE,1980,YR1980,..,..
Switzerland,CHE,1981,YR1981,..,..
Switzerland,CHE,1982,YR1982,..,..
Switzerland,CHE,1983,YR1983,..,..
Switzerland,CHE,1984,YR1984,..,..
Switzerland,CHE,1985,YR1985,..,..
Switzerland,CHE,1986,YR1986,..,..
Switzerland,CHE,1987,YR1987,..,..
Switzerland,CHE,1988,YR1988,..,..
Switzerland,CHE,1989,YR1989,..,..
Switzerland,CHE,1990,YR1990,12.7518515860066,45601676015.46
Switzerland,CHE,1991,YR1991,13.4822109461468,50355989353.78
Switzerland,CHE,1992,YR1992,15.7264338239371,59959887972.25
Switzerland,CHE,1993,YR1993,19.0432520269225,74198190441.84
Switzerland,CHE,1994,YR1994,20.719438547296,82722463178.28
Switzerland,CHE,1995,YR1995,23.2249756766357,93859101819.78
Switzerland,CHE,1996,YR1996,23.6334890630963,96285083854.91
Switzerland,CHE,1997,YR1997,25.6359340161573,106632262800.08
Switzerland,CHE,1998,YR1998,27.9143775432627,119378182241.74
Switzerland,CHE,1999,YR1999,25.7775652291088,112252000306.31
Switzerland,CHE,2000,YR2000,26.4295186563584,121253067917.4
Switzerland,CHE,2001,YR2001,25.2968459396052,118949290195.37
Switzerland,CHE,2002,YR2002,30.4896292405367,143099356050.87
Switzerland,CHE,2003,YR2003,29.5157279569615,139908981889.33
Switzerland,CHE,2004,YR2004,30.0458044508121,147034881747.05
Switzerland,CHE,2005,YR2005,30.0979162104532,152735908599.64
Switzerland,CHE,2006,YR2006,26.4593741451365,142384621502.39
Switzerland,CHE,2007,YR2007,25.9586111508352,148763693382.32
Switzerland,CHE,2008,YR2008,25.403462060685,151755332562.16
Switzerland,CHE,2009,YR2009,23.8442674413069,139980315482.2
Switzerland,CHE,2010,YR2010,23.1908746844717,140570487628.326
Switzerland,CHE,2011,YR2011,23.1015184654952,142842409693.9
Switzerland,CHE,2012,YR2012,23.3433173834177,145571462777.47
Switzerland,CHE,2013,YR2013,22.2176222719332,141032139062.94
Switzerland,CHE,2014,YR2014,22.674200298532,145972969085.61
Switzerland,CHE,2015,YR2015,22.6727572802116,146365277536.39
Switzerland,CHE,2016,YR2016,..,..
United Kingdom,GBR,1960,YR1960,..,..
United Kingdom,GBR,1961,YR1961,..,..
United Kingdom,GBR,1962,YR1962,..,..
United Kingdom,GBR,1963,YR1963,..,..
United Kingdom,GBR,1964,YR1964,..,..
United Kingdom,GBR,1965,YR1965,..,..
United Kingdom,GBR,1966,YR1966,..,..
United Kingdom,GBR,1967,YR1967,..,..
United Kingdom,GBR,1968,YR1968,..,..
United Kingdom,GBR,1969,YR1969,..,..
United Kingdom,GBR,1970,YR1970,..,..
United Kingdom,GBR,1971,YR1971,..,..
United Kingdom,GBR,1972,YR1972,..,..
United Kingdom,GBR,1973,YR1973,..,..
United Kingdom,GBR,1974,YR1974,..,..
United Kingdom,GBR,1975,YR1975,..,..
United Kingdom,GBR,1976,YR1976,..,..
United Kingdom,GBR,1977,YR1977,..,..
United Kingdom,GBR,1978,YR1978,..,..
United Kingdom,GBR,1979,YR1979,..,..
United Kingdom,GBR,1980,YR1980,..,..
United Kingdom,GBR,1981,YR1981,..,..
United Kingdom,GBR,1982,YR1982,..,..
United Kingdom,GBR,1983,YR1983,..,..
United Kingdom,GBR,1984,YR1984,..,..
United Kingdom,GBR,1985,YR1985,..,..
United Kingdom,GBR,1986,YR1986,..,..
United Kingdom,GBR,1987,YR1987,..,..
United Kingdom,GBR,1988,YR1988,..,..
United Kingdom,GBR,1989,YR1989,..,..
United Kingdom,GBR,1990,YR1990,30.2033709452908,185954000000
United Kingdom,GBR,1991,YR1991,29.1948960284953,189173000000
United Kingdom,GBR,1992,YR1992,30.3997500632281,204338000000
United Kingdom,GBR,1993,YR1993,35.3135500060757,249926000000
United Kingdom,GBR,1994,YR1994,40.4800884599488,301656000000
United Kingdom,GBR,1995,YR1995,44.631899274006,373411000000
United Kingdom,GBR,1996,YR1996,44.3292641953186,395816000000
United Kingdom,GBR,1997,YR1997,45.2712080140171,425031000000
United Kingdom,GBR,1998,YR1998,46.7498990113311,458293000000
United Kingdom,GBR,1999,YR1999,43.6197433424239,445447000000
United Kingdom,GBR,2000,YR2000,43.1047228002069,465903000000
United Kingdom,GBR,2001,YR2001,38.8270307654552,435086000000
United Kingdom,GBR,2002,YR2002,39.3803958889764,461795000000
United Kingdom,GBR,2003,YR2003,39.3988807588883,489511000000
United Kingdom,GBR,2004,YR2004,42.7365400797318,557658000000
United Kingdom,GBR,2005,YR2005,44.5375245477025,614376000000
United Kingdom,GBR,2006,YR2006,44.0610478935784,641372000000
United Kingdom,GBR,2007,YR2007,45.0895884093567,690272000000
United Kingdom,GBR,2008,YR2008,55.6514551363847,870529000000
United Kingdom,GBR,2009,YR2009,70.0411791302036,1064247000000
United Kingdom,GBR,2010,YR2010,83.4067967024476,1311521000000
United Kingdom,GBR,2011,YR2011,97.1724660591522,1582234000000
United Kingdom,GBR,2012,YR2012,101.521810770344,1700535000000
United Kingdom,GBR,2013,YR2013,97.5145481940005,1696327000000
United Kingdom,GBR,2014,YR2014,108.604977832404,1979304000000
United Kingdom,GBR,2015,YR2015,107.628340472704,2015571000000
United Kingdom,GBR,2016,YR2016,..,..
United States,USA,1960,YR1960,..,..
United States,USA,1961,YR1961,..,..
United States,USA,1962,YR1962,..,..
United States,USA,1963,YR1963,..,..
United States,USA,1964,YR1964,..,..
United States,USA,1965,YR1965,..,..
United States,USA,1966,YR1966,..,..
United States,USA,1967,YR1967,..,..
United States,USA,1968,YR1968,..,..
United States,USA,1969,YR1969,..,..
United States,USA,1970,YR1970,..,..
United States,USA,1971,YR1971,..,..
United States,USA,1972,YR1972,..,..
United States,USA,1973,YR1973,..,..
United States,USA,1974,YR1974,..,..
United States,USA,1975,YR1975,..,..
United States,USA,1976,YR1976,..,..
United States,USA,1977,YR1977,..,..
United States,USA,1978,YR1978,..,..
United States,USA,1979,YR1979,..,..
United States,USA,1980,YR1980,..,..
United States,USA,1981,YR1981,..,..
United States,USA,1982,YR1982,..,..
United States,USA,1983,YR1983,..,..
United States,USA,1984,YR1984,..,..
United States,USA,1985,YR1985,..,..
United States,USA,1986,YR1986,..,..
United States,USA,1987,YR1987,..,..
United States,USA,1988,YR1988,..,..
United States,USA,1989,YR1989,39.0169632746068,2207460000000
United States,USA,1990,YR1990,40.8213674886351,2440950000000
United States,USA,1991,YR1991,43.9480256292352,2713370000000
United States,USA,1992,YR1992,45.9165424306183,3002620000000
United States,USA,1993,YR1993,48.1047485883271,3308990000000
United States,USA,1994,YR1994,47.2140603974275,3450760000000
United States,USA,1995,YR1995,47.0597829348935,3606690000000
United States,USA,1996,YR1996,46.5855106558467,3773520000000
United States,USA,1997,YR1997,43.9588012566627,3784200000000
United States,USA,1998,YR1998,41.0099142187712,3727460000000
United States,USA,1999,YR1999,37.612270180477,3633580000000
United States,USA,2000,YR2000,33.158223429011,3410250000000
United States,USA,2001,YR2001,51.993697127725,5522679000000
United States,USA,2002,YR2002,53.5029060313656,5873289000000
United States,USA,2003,YR2003,55.9686534319896,6442367000000
United States,USA,2004,YR2004,56.3840537394598,6921102000000
United States,USA,2005,YR2005,56.2891265633632,7370344000000
United States,USA,2006,YR2006,55.2941608650416,7661497000000
United States,USA,2007,YR2007,55.6342869536357,8054529000000
United States,USA,2008,YR2008,64.0318000742191,9424573000000
United States,USA,2009,YR2009,76.3153213328849,11003707000000
United States,USA,2010,YR2010,85.6015942399721,12809741000000
United States,USA,2011,YR2011,90.1787970892502,13993879000000
United States,USA,2012,YR2012,94.3979095346994,15250223000000
United States,USA,2013,YR2013,96.6088043405521,16125475000000
United States,USA,2014,YR2014,97.1084802981964,16890178000000
United States,USA,2015,YR2015,97.8391384031002,17646901000000
United States,USA,2016,YR2016,99.7688740972907,18526182000000
New Zealand,NZL,1960,YR1960,..,..
New Zealand,NZL,1961,YR1961,..,..
New Zealand,NZL,1962,YR1962,..,..
New Zealand,NZL,1963,YR1963,..,..
New Zealand,NZL,1964,YR1964,..,..
New Zealand,NZL,1965,YR1965,..,..
New Zealand,NZL,1966,YR1966,..,..
New Zealand,NZL,1967,YR1967,..,..
New Zealand,NZL,1968,YR1968,..,..
New Zealand,NZL,1969,YR1969,..,..
New Zealand,NZL,1970,YR1970,..,..
New Zealand,NZL,1971,YR1971,..,..
New Zealand,NZL,1972,YR1972,..,..
New Zealand,NZL,1973,YR1973,..,..
New Zealand,NZL,1974,YR1974,..,..
New Zealand,NZL,1975,YR1975,..,..
New Zealand,NZL,1976,YR1976,..,..
New Zealand,NZL,1977,YR1977,..,..
New Zealand,NZL,1978,YR1978,..,..
New Zealand,NZL,1979,YR1979,..,..
New Zealand,NZL,1980,YR1980,..,..
New Zealand,NZL,1981,YR1981,..,..
New Zealand,NZL,1982,YR1982,..,..
New Zealand,NZL,1983,YR1983,..,..
New Zealand,NZL,1984,YR1984,..,..
New Zealand,NZL,1985,YR1985,..,..
New Zealand,NZL,1986,YR1986,..,..
New Zealand,NZL,1987,YR1987,..,..
New Zealand,NZL,1988,YR1988,..,..
New Zealand,NZL,1989,YR1989,..,..
New Zealand,NZL,1990,YR1990,..,..
New Zealand,NZL,1991,YR1991,..,..
New Zealand,NZL,1992,YR1992,..,..
New Zealand,NZL,1993,YR1993,..,..
New Zealand,NZL,1994,YR1994,..,..
New Zealand,NZL,1995,YR1995,..,..
New Zealand,NZL,1996,YR1996,..,..
New Zealand,NZL,1997,YR1997,..,..
New Zealand,NZL,1998,YR1998,..,..
New Zealand,NZL,1999,YR1999,..,..
New Zealand,NZL,2000,YR2000,..,..
New Zealand,NZL,2001,YR2001,..,..
New Zealand,NZL,2002,YR2002,32.7761417940258,44307444000
New Zealand,NZL,2003,YR2003,48.2453384728239,69715479000
New Zealand,NZL,2004,YR2004,43.8672327898551,67801195000
New Zealand,NZL,2005,YR2005,44.1701201698827,71969027000
New Zealand,NZL,2006,YR2006,42.9262850867764,73880000000
New Zealand,NZL,2007,YR2007,36.9415127057866,69023000000
New Zealand,NZL,2008,YR2008,36.0558388752063,68368000000
New Zealand,NZL,2009,YR2009,47.188881517022,91663930458
New Zealand,NZL,2010,YR2010,49.2045014983041,100096717398
New Zealand,NZL,2011,YR2011,62.5728913121773,133431059163
New Zealand,NZL,2012,YR2012,67.1484010980724,146028970836
New Zealand,NZL,2013,YR2013,59.3742332872768,137940000000
New Zealand,NZL,2014,YR2014,56.7829377578268,137372690000
New Zealand,NZL,2015,YR2015,56.7301543166968,142821000000
New Zealand,NZL,2016,YR2016,..,..
Lithuania,LTU,1960,YR1960,..,..
Lithuania,LTU,1961,YR1961,..,..
Lithuania,LTU,1962,YR1962,..,..
Lithuania,LTU,1963,YR1963,..,..
Lithuania,LTU,1964,YR1964,..,..
Lithuania,LTU,1965,YR1965,..,..
Lithuania,LTU,1966,YR1966,..,..
Lithuania,LTU,1967,YR1967,..,..
Lithuania,LTU,1968,YR1968,..,..
Lithuania,LTU,1969,YR1969,..,..
Lithuania,LTU,1970,YR1970,..,..
Lithuania,LTU,1971,YR1971,..,..
Lithuania,LTU,1972,YR1972,..,..
Lithuania,LTU,1973,YR1973,..,..
Lithuania,LTU,1974,YR1974,..,..
Lithuania,LTU,1975,YR1975,..,..
Lithuania,LTU,1976,YR1976,..,..
Lithuania,LTU,1977,YR1977,..,..
Lithuania,LTU,1978,YR1978,..,..
Lithuania,LTU,1979,YR1979,..,..
Lithuania,LTU,1980,YR1980,..,..
Lithuania,LTU,1981,YR1981,..,..
Lithuania,LTU,1982,YR1982,..,..
Lithuania,LTU,1983,YR1983,..,..
Lithuania,LTU,1984,YR1984,..,..
Lithuania,LTU,1985,YR1985,..,..
Lithuania,LTU,1986,YR1986,..,..
Lithuania,LTU,1987,YR1987,..,..
Lithuania,LTU,1988,YR1988,..,..
Lithuania,LTU,1989,YR1989,..,..
Lithuania,LTU,1990,YR1990,..,..
Lithuania,LTU,1991,YR1991,..,..
Lithuania,LTU,1992,YR1992,..,..
Lithuania,LTU,1993,YR1993,..,..
Lithuania,LTU,1994,YR1994,..,..
Lithuania,LTU,1995,YR1995,..,..
Lithuania,LTU,1996,YR1996,..,..
Lithuania,LTU,1997,YR1997,..,..
Lithuania,LTU,1998,YR1998,7.99764834946617,1041450417.05283
Lithuania,LTU,1999,YR1999,8.9999219610077,1144077270.62095
Lithuania,LTU,2000,YR2000,9.45670102955375,1264188484.70806
Lithuania,LTU,2001,YR2001,9.17952053744183,1302988878.59129
Lithuania,LTU,2002,YR2002,8.82841736112416,1342110750.69509
Lithuania,LTU,2003,YR2003,7.88755490364523,1314735866.5431
Lithuania,LTU,2004,YR2004,7.5608039209826,1378918558.85079
Lithuania,LTU,2005,YR2005,6.92486703848043,1454384847.08063
Lithuania,LTU,2006,YR2006,6.02433801578176,1450611098.23911
Lithuania,LTU,2007,YR2007,5.1180494925501,1486315454.12419
Lithuania,LTU,2008,YR2008,4.27262911757958,1396990848.00741
Lithuania,LTU,2009,YR2009,8.89149597293267,2394908480.07414
Lithuania,LTU,2010,YR2010,11.9412462192875,3346851830.39852
Lithuania,LTU,2011,YR2011,11.8975146641521,3720985866.5431
Lithuania,LTU,2012,YR2012,13.669324429985,4558480074.14273
Lithuania,LTU,2013,YR2013,12.7352187570689,4457588044.48563
Lithuania,LTU,2014,YR2014,13.9774836950463,5114368049.11956
Lithuania,LTU,2015,YR2015,14.5398612302685,5427803521.77943
Lithuania,LTU,2016,YR2016,..,..
,,,,,
,,,,,
,,,,,
Data from database: World Development Indicators,,,,,
Last Updated: 08/02/2017,,,,,
