﻿"Country Name","Country Code","Sector Name","Sector Code","Unit Name","Unit Code",Time Period,"Expenditure (G2M|_Z)",Status,Valuation,Bases of recording (Cash/ Non Cash),Bases of recording (Gross/Net),Nature of data,"Interest expense (G24|_Z)",Status,Valuation,Bases of recording (Cash/ Non Cash),Bases of recording (Gross/Net),Nature of data,
"Germany","134","General government","S13","Domestic currency","XDC",1972,,"NA","NP","AC","NP","",,"NA","NP","","NP","",
"Germany","134","General government","S13","Domestic currency","XDC",1973,,"NA","NP","AC","NP","",,"NA","NP","","NP","",
"Germany","134","General government","S13","Domestic currency","XDC",1974,"221542772122.321","","NP","AC","NP","","6340019326.83311","","NP","CA","NP","",
"Germany","134","General government","S13","Domestic currency","XDC",1975,"249346824621.772","","NP","AC","NP","","7388167683.28536","","NP","CA","NP","",
"Germany","134","General government","S13","Domestic currency","XDC",1976,"266132537081.444","","NP","AC","NP","","9065205053.60895","","NP","CA","NP","",
"Germany","134","General government","S13","Domestic currency","XDC",1977,"282483651442.099","","NP","AC","NP","","10496822320.9584","","NP","CA","NP","",
"Germany","134","General government","S13","Domestic currency","XDC",1978,"303487521921.64","","NP","AC","NP","","11110372578.3938","","NP","CA","NP","",
"Germany","134","General government","S13","Domestic currency","XDC",1979,"326280913985.367","","NP","AC","NP","","12639135303.1705","","NP","CA","NP","",
"Germany","134","General government","S13","Domestic currency","XDC",1980,"363538753368.135","","NP","AC","NP","","14945061687.3655","","NP","CA","NP","",
"Germany","134","General government","S13","Domestic currency","XDC",1981,"387651278485.349","","NP","AC","NP","","18498540261.6792","","NP","CA","NP","",
"Germany","134","General government","S13","Domestic currency","XDC",1982,"403450197614.312","","NP","AC","NP","","22834295414.2231","","NP","CA","NP","",
"Germany","134","General government","S13","Domestic currency","XDC",1983,"412571644774.852","","NP","AC","NP","","26050321346.9473","","NP","CA","NP","",
"Germany","134","General government","S13","Domestic currency","XDC",1984,"430829877852.369","","NP","AC","NP","","27175163485.579","","NP","CA","NP","",
"Germany","134","General government","S13","Domestic currency","XDC",1985,"446679926169.453","","NP","AC","NP","","28432941513.3217","","NP","CA","NP","",
"Germany","134","General government","S13","Domestic currency","XDC",1986,"465485241559.849","","NP","AC","NP","","29373718574.7228","","NP","CA","NP","",
"Germany","134","General government","S13","Domestic currency","XDC",1987,"484679138779.956","","NP","AC","NP","","29782752079.6797","","NP","CA","NP","",
"Germany","134","General government","S13","Domestic currency","XDC",1988,"503060081908.959","","NP","AC","NP","","30769545410.3884","","NP","CA","NP","",
"Germany","134","General government","S13","Domestic currency","XDC",1989,"519876471881.503","","NP","AC","NP","","31142788483.6617","","NP","CA","NP","",
"Germany","134","General government","S13","Domestic currency","XDC",1990,"565084900016.873","","NP","AC","NP","","32962987580.7202","","NP","","NP","",
"Germany","134","General government","S13","Domestic currency","XDC",1991,"728582000000","","NP","AC","NP","A","42701000000","","NP","AC","NP","A",
"Germany","134","General government","S13","Domestic currency","XDC",1992,"796143000000","","NP","AC","NP","A","52828000000","","NP","AC","NP","A",
"Germany","134","General government","S13","Domestic currency","XDC",1993,"834939000000","","NP","AC","NP","A","55744000000","","NP","AC","NP","A",
"Germany","134","General government","S13","Domestic currency","XDC",1994,"873430000000","","NP","AC","NP","A","60750000000","","NP","AC","NP","A",
"Germany","134","General government","S13","Domestic currency","XDC",1995,"1034589000000","","NP","AC","NP","A","66609000000","","NP","AC","NP","A",
"Germany","134","General government","S13","Domestic currency","XDC",1996,"939975000000","","NP","AC","NP","A","67747000000","","NP","AC","NP","A",
"Germany","134","General government","S13","Domestic currency","XDC",1997,"943123000000","","NP","AC","NP","A","68912000000","","NP","AC","NP","A",
"Germany","134","General government","S13","Domestic currency","XDC",1998,"960772000000","","NP","AC","NP","A","70420000000","","NP","AC","NP","A",
"Germany","134","General government","S13","Domestic currency","XDC",1999,"983062000000","","NP","AC","NP","A","68476000000","","NP","AC","NP","A",
"Germany","134","General government","S13","Domestic currency","XDC",2000,"945900000000","","NP","AC","NP","A","69776000000","","NP","AC","NP","A",
"Germany","134","General government","S13","Domestic currency","XDC",2001,"1021417000000","","NP","AC","NP","A","68755000000","","NP","AC","NP","A",
"Germany","134","General government","S13","Domestic currency","XDC",2002,"1042772000000","","NP","AC","NP","A","68465000000","","NP","AC","NP","A",
"Germany","134","General government","S13","Domestic currency","XDC",2003,"1059619000000","","NP","AC","NP","A","66669000000","","NP","AC","NP","A",
"Germany","134","General government","S13","Domestic currency","XDC",2004,"1049649000000","","NP","AC","NP","A","65387000000","","NP","AC","NP","A",
"Germany","134","General government","S13","Domestic currency","XDC",2005,"1061273000000","","NP","AC","NP","A","65039000000","","NP","AC","NP","A",
"Germany","134","General government","S13","Domestic currency","XDC",2006,"1068211000000","","NP","AC","NP","A","65691000000","","NP","AC","NP","A",
"Germany","134","General government","S13","Domestic currency","XDC",2007,"1075236000000","","NP","AC","NP","A","67531000000","","NP","AC","NP","A",
"Germany","134","General government","S13","Domestic currency","XDC",2008,"1115733000000","","NP","AC","NP","A","69005000000","","NP","AC","NP","A",
"Germany","134","General government","S13","Domestic currency","XDC",2009,"1169086000000","","NP","AC","NP","A","65708000000","","NP","AC","NP","A",
"Germany","134","General government","S13","Domestic currency","XDC",2010,"1217683000000","","NP","AC","NP","A","64264000000","","NP","AC","NP","A",
"Germany","134","General government","S13","Domestic currency","XDC",2011,"1206810000000","","NP","AC","NP","A","68342000000","","NP","AC","NP","A",
"Germany","134","General government","S13","Domestic currency","XDC",2012,"1222361000000","","NP","AC","NP","A","63635000000","","NP","AC","NP","A",
"Germany","134","General government","S13","Domestic currency","XDC",2013,"1261913000000","","NP","AC","NP","A","56890000000","","NP","AC","NP","A",
"Germany","134","General government","S13","Domestic currency","XDC",2014,"1296501000000","","NP","AC","NP","A","53278000000","","NP","AC","NP","A",
"Germany","134","General government","S13","Domestic currency","XDC",2015,"1332022000000","","NP","AC","NP","A","48398000000","","NP","AC","NP","A",
"Germany","134","General government","S13","Domestic currency","XDC",2016,,"","NP","AC","NP","",,"","NP","","NP","",
